id,Geographic.Area.Name,TotalPop,TotalMale,TotalFemale,MedianAge,SeniorPop,WhitePop,WhitePercent,BlackPop,BlackPercent,AmIndianPop,AmIndianPercent,AsianPop,AsianPercentage,HispanicPop,HispanicPercentage,VAP,DistrictMedianIncome,DistrictMeanIncome,NationalMedian,DifferenceMedianIncome,NationalMean,DifferenceMeanIncome,UnemployedPop,UnemployedRate
5001600US0200,"Congressional District (at Large) (116th Congress), Alaska",469771,250003,219768,35,2889,469771,64.2,22551,3.1,115544,15.8,43678,6,52548,7.2,533151,75463,98504,65712,9751,92324,6180,20650,3.6
5001600US1000,"Congressional District (at Large) (116th Congress), Delaware",659719,320817,338902,41.4,3116,659719,67.7,219418,22.5,4353,0.4,36592,3.8,93390,9.6,725178,70176,92445,65712,4464,92324,121,22631,2.9
5001600US3000,"Congressional District (at Large) (116th Congress), Montana",940423,473606,466817,40.5,2951,940423,88,7787,0.7,67603,6.3,8927,0.8,40328,3.8,831760,57153,77320,65712,-8559,92324,-15004,22004,2.5
5001600US3800,"Congressional District (at Large) (116th Congress), North Dakota",653910,333008,320902,35.5,2126,653910,85.8,22256,2.9,40970,5.4,10669,1.4,30486,4,567545,64577,85551,65712,-1135,92324,-6773,10920,1.8
5001600US4600,"Congressional District (at Large) (116th Congress), South Dakota",743764,374624,369140,37.7,2832,743764,84.1,20866,2.4,75809,8.6,11530,1.3,33018,3.7,653394,59533,77650,65712,-6179,92324,-14674,14033,2
5001600US5000,"Congressional District (at Large) (116th Congress), Vermont",585117,289492,295625,42.8,2426,585117,93.8,9435,1.5,2928,0.5,8603,1.4,12408,2,498705,63001,83015,65712,-2711,92324,-9309,11552,2.2
5001600US5600,"Congressional District (at Large) (116th Congress), Wyoming",525860,266925,258935,38.1,2731,525860,90.9,7116,1.2,13774,2.4,4633,0.8,58607,10.1,434852,65003,83155,65712,-709,92324,-9169,10539,2.3
5001600US0101,"Congressional District 1 (116th Congress), Alabama",479955,232205,247750,40.4,3707,479955,66.9,196641,27.4,7360,1,10157,1.4,23629,3.3,546223,50663,68866,65712,-15049,92324,-23458,18449,3.2
5001600US0401,"Congressional District 1 (116th Congress), Arizona",502033,256680,245353,39,5444,502033,64.2,22032,2.8,180019,23,12520,1.6,180055,23,579140,56117,73110,65712,-9595,92324,-19214,22260,3.6
5001600US0501,"Congressional District 1 (116th Congress), Arkansas",556680,276010,280670,40.1,2897,556680,77.4,126465,17.6,1951,0.3,3775,0.5,24421,3.4,548521,43193,60979,65712,-22519,92324,-31345,20270,3.5
5001600US0601,"Congressional District 1 (116th Congress), California",603558,298547,305011,41.1,3911,603558,84.8,11113,1.6,11588,1.6,21669,3,108667,15.3,548314,61433,84470,65712,-4279,92324,-7854,17742,3
5001600US0801,"Congressional District 1 (116th Congress), Colorado",669632,335775,333857,35.3,3500,669632,78.5,66434,7.8,5488,0.6,29017,3.4,231229,27.1,635916,77507,109121,65712,11795,92324,16797,15285,2.2
5001600US0901,"Congressional District 1 (116th Congress), Connecticut",476475,229709,246766,40.9,4762,476475,67.8,107703,15.3,2347,0.3,39286,5.6,121150,17.2,519263,75502,99066,65712,9790,92324,6742,18663,3.2
5001600US1201,"Congressional District 1 (116th Congress), Florida",610105,306541,303564,38.8,2874,610105,76.4,102694,12.9,3299,0.4,19100,2.4,55078,6.9,606302,58358,79218,65712,-7354,92324,-13106,18230,2.8
5001600US1301,"Congressional District 1 (116th Congress), Georgia",465838,233457,232381,36.6,3141,465838,62.1,230141,30.7,2724,0.4,12453,1.7,52623,7,559876,55542,73443,65712,-10170,92324,-18881,19623,3.3
5001600US1501,"Congressional District 1 (116th Congress), Hawaii",120751,68267,52484,39.1,3513,120751,16.8,17217,2.4,1527,0.2,364354,50.5,65344,9.1,518980,86674,110739,65712,20962,92324,18415,12538,2.1
5001600US1601,"Congressional District 1 (116th Congress), Idaho",828763,412091,416672,38.8,4765,828763,88.7,7763,0.8,11235,1.2,11561,1.2,107377,11.5,682493,62886,79834,65712,-2826,92324,-12490,12089,1.7
5001600US1701,"Congressional District 1 (116th Congress), Illinois",298659,147663,150996,38.8,5894,298659,42,359132,50.5,745,0.1,18714,2.6,78785,11.1,525671,56680,77579,65712,-9032,92324,-14745,28629,5
5001600US1801,"Congressional District 1 (116th Congress), Indiana",511065,253442,257623,39.9,2832,511065,71.1,132758,18.5,2379,0.3,11002,1.5,117031,16.3,540076,61104,80239,65712,-4608,92324,-12085,18801,3.3
5001600US1901,"Congressional District 1 (116th Congress), Iowa",700111,345700,354411,39.2,2503,700111,90.5,32737,4.2,3350,0.4,12561,1.6,33640,4.3,581804,61542,78642,65712,-4170,92324,-13682,15738,2.5
5001600US2001,"Congressional District 1 (116th Congress), Kansas",610172,304074,306098,36.3,2613,610172,87.9,19109,2.8,6259,0.9,11060,1.6,113616,16.4,501367,55188,69132,65712,-10524,92324,-23192,12268,2.2
5001600US2101,"Congressional District 1 (116th Congress), Kentucky",636458,316852,319606,40.4,3123,636458,88.7,50272,7,2795,0.4,4474,0.6,22485,3.1,555777,46999,62181,65712,-18713,92324,-30143,15460,2.7
5001600US2201,"Congressional District 1 (116th Congress), Louisiana",635105,307684,327421,39.1,4506,635105,79.4,112319,14,9158,1.1,17842,2.2,70979,8.9,588760,61431,85515,65712,-4281,92324,-6809,16370,2.6
5001600US2301,"Congressional District 1 (116th Congress), Maine",642538,311550,330988,44.5,2846,642538,93.6,14754,2.1,3157,0.5,10160,1.5,13182,1.9,550561,67392,88603,65712,1680,92324,-3721,11288,2
5001600US2401,"Congressional District 1 (116th Congress), Maryland",603276,295547,307729,43,4167,603276,81.8,91687,12.4,1941,0.3,16312,2.2,33554,4.6,567020,80022,103447,65712,14310,92324,11123,12421,2.1
5001600US2501,"Congressional District 1 (116th Congress), Massachusetts",606927,295338,311589,41.1,3435,606927,83.8,47937,6.6,1278,0.2,15576,2.2,139602,19.3,561563,61559,83856,65712,-4153,92324,-8468,17291,2.9
5001600US2601,"Congressional District 1 (116th Congress), Michigan",642735,324260,318475,47.1,2102,642735,92.2,9777,1.4,18626,2.7,4921,0.7,13254,1.9,565370,51553,68906,65712,-14159,92324,-23418,16958,2.9
5001600US2701,"Congressional District 1 (116th Congress), Minnesota",604755,299794,304961,38.3,1936,604755,89.1,21232,3.1,2076,0.3,20675,3,46456,6.8,497765,66330,84127,65712,618,92324,-8197,8910,1.7
5001600US2801,"Congressional District 1 (116th Congress), Mississippi",513762,252221,261541,38.3,3299,513762,66.8,222636,29,1110,0.1,8329,1.1,25750,3.3,579478,50243,68794,65712,-15469,92324,-23530,15263,2.5
5001600US2901,"Congressional District 1 (116th Congress), Missouri",308948,153354,155594,36,4418,308948,42.5,356860,49,1724,0.2,25193,3.5,25856,3.6,547921,50163,67195,65712,-15549,92324,-25129,19912,3.4
5001600US3101,"Congressional District 1 (116th Congress), Nebraska",574306,289591,284715,36,2412,574306,88.1,18112,2.8,9677,1.5,17730,2.7,65485,10,475365,63921,82207,65712,-1791,92324,-10117,10553,2.1
5001600US3201,"Congressional District 1 (116th Congress), Nevada",365927,187747,178180,36.4,4620,365927,51.4,85885,12.1,12207,1.7,65917,9.3,334593,47,423658,44078,61138,65712,-21634,92324,-31186,21435,3.8
5001600US3301,"Congressional District 1 (116th Congress), New Hampshire",637422,312775,324647,42.5,3798,637422,92.8,11005,1.6,593,0.1,18207,2.7,28283,4.1,540722,79996,104135,65712,14284,92324,11811,12384,2.2
5001600US3401,"Congressional District 1 (116th Congress), New Jersey",494276,241846,252430,39.2,3290,494276,68,123518,17,938,0.1,36544,5,102600,14.1,539844,75244,100323,65712,9532,92324,7999,20275,3.5
5001600US3501,"Congressional District 1 (116th Congress), New Mexico",514572,251435,263137,39.1,3364,514572,74.4,18428,2.7,31405,4.5,18390,2.7,352783,51,510328,55318,78525,65712,-10394,92324,-13799,17548,3.1
5001600US3601,"Congressional District 1 (116th Congress), New York",609438,294884,314554,42.3,5832,609438,85.5,36942,5.2,924,0.1,29313,4.1,127633,17.9,526240,101701,136154,65712,35989,92324,43830,13194,2.3
5001600US3701,"Congressional District 1 (116th Congress), North Carolina",359842,176809,183033,38.4,3437,359842,47.1,340076,44.5,4174,0.5,14041,1.8,68869,9,570191,47469,67332,65712,-18243,92324,-24992,20431,3.3
5001600US3901,"Congressional District 1 (116th Congress), Ohio",530281,263904,266377,36.7,3567,530281,70.7,160639,21.4,325,0,29845,4,25303,3.4,550781,63648,93109,65712,-2064,92324,785,17821,3
5001600US4001,"Congressional District 1 (116th Congress), Oklahoma",575809,282426,293383,36.6,2203,575809,71.1,69519,8.6,50151,6.2,26884,3.3,96693,11.9,574642,59660,83972,65712,-6052,92324,-8352,19807,3.1
5001600US4101,"Congressional District 1 (116th Congress), Oregon",673842,332701,341141,38,3425,673842,78.5,15582,1.8,6052,0.7,77304,9,129232,15,617472,81473,106277,65712,15761,92324,13953,17477,2.5
5001600US4201,"Congressional District 1 (116th Congress), Pennsylvania",609026,297561,311465,43.5,3221,609026,85.4,33269,4.7,436,0.1,44160,6.2,39580,5.5,542506,93474,120759,65712,27762,92324,28435,15339,2.6
5001600US4401,"Congressional District 1 (116th Congress), Rhode Island",402110,195908,206202,39.3,3853,402110,75.9,45547,8.6,1890,0.4,16821,3.2,101158,19.1,391053,66652,90710,65712,940,92324,-1614,11976,2.7
5001600US4501,"Congressional District 1 (116th Congress), South Carolina",591572,288306,303266,39.8,3671,591572,72,156022,19,3124,0.4,17006,2.1,50332,6.1,615755,77185,104432,65712,11473,92324,12108,13866,2.1
5001600US4701,"Congressional District 1 (116th Congress), Tennessee",682102,334303,347799,44,2796,682102,94.1,16808,2.3,2938,0.4,5743,0.8,29899,4.1,570495,47478,65629,65712,-18234,92324,-26695,17056,2.8
5001600US4801,"Congressional District 1 (116th Congress), Texas",562797,275407,287390,37.4,2695,562797,77.5,124684,17.2,3044,0.4,8127,1.1,130443,18,518180,54396,73629,65712,-11316,92324,-18695,16428,2.9
5001600US4901,"Congressional District 1 (116th Congress), Utah",720006,365526,354480,31.1,2923,720006,91.4,7161,0.9,8939,1.1,13591,1.7,106463,13.5,529838,73964,92610,65712,8252,92324,286,10591,1.8
5001600US5101,"Congressional District 1 (116th Congress), Virginia",596921,297677,299244,39.3,3768,596921,72.4,134826,16.4,1781,0.2,29756,3.6,91439,11.1,592356,90181,109944,65712,24469,92324,17620,16306,2.5
5001600US5301,"Congressional District 1 (116th Congress), Washington",594230,300548,293682,38.8,5928,594230,75.1,12178,1.5,8855,1.1,102923,13,76815,9.7,533647,106190,138538,65712,40478,92324,46214,14716,2.3
5001600US5401,"Congressional District 1 (116th Congress), West Virginia",563410,278983,284427,42.3,3193,563410,93.6,15153,2.5,2087,0.3,5504,0.9,7405,1.2,482965,51480,69024,65712,-14232,92324,-23300,15703,3.1
5001600US5501,"Congressional District 1 (116th Congress), Wisconsin",627038,311574,315464,40.9,4491,627038,86.9,43033,6,2509,0.3,15748,2.2,73056,10.1,540501,68695,86380,65712,2983,92324,-5944,15878,2.7
5001600US0610,"Congressional District 10 (116th Congress), California",586647,287879,298768,34.8,3950,586647,76.7,27051,3.5,5538,0.7,56313,7.4,345032,45.1,491086,69647,87678,65712,3935,92324,-4646,23704,4
5001600US1210,"Congressional District 10 (116th Congress), Florida",439898,218947,220951,36.1,5787,439898,54.2,239675,29.5,1295,0.2,42185,5.2,231635,28.5,535381,61737,89007,65712,-3975,92324,-3317,19153,3
5001600US1310,"Congressional District 10 (116th Congress), Georgia",511091,256186,254905,37.7,5777,511091,67.4,197751,26.1,496,0.1,18729,2.5,40292,5.3,563658,61151,80728,65712,-4561,92324,-11596,16927,2.8
5001600US1710,"Congressional District 10 (116th Congress), Illinois",486169,243307,242862,38.7,4008,486169,68.8,50362,7.1,3909,0.6,76956,10.9,177533,25.1,469258,84608,125139,65712,18896,92324,32815,15343,2.7
5001600US2610,"Congressional District 10 (116th Congress), Michigan",663644,327265,336379,43.7,4033,663644,91.9,22970,3.2,1102,0.2,12052,1.7,24426,3.4,554418,67472,84871,65712,1760,92324,-7453,17514,3
5001600US3410,"Congressional District 10 (116th Congress), New Jersey",236569,118932,117637,36.7,4759,236569,31.1,388608,51,2155,0.3,48677,6.4,152563,20,506649,61975,86791,65712,-3737,92324,-5533,27764,4.6
5001600US3610,"Congressional District 10 (116th Congress), New York",503607,247679,255928,37,7569,503607,68.7,27045,3.7,2096,0.3,136773,18.7,98403,13.4,498723,103331,190247,65712,37619,92324,97923,14769,2.5
5001600US3710,"Congressional District 10 (116th Congress), North Carolina",626605,303710,322895,42.1,3861,626605,81.2,97258,12.6,3575,0.5,13744,1.8,54875,7.1,591040,53189,72992,65712,-12523,92324,-19332,18769,3
5001600US3910,"Congressional District 10 (116th Congress), Ohio",546380,265708,280672,38.7,2206,546380,75.5,117319,16.2,3072,0.4,15303,2.1,22767,3.1,552940,56595,76185,65712,-9117,92324,-16139,19867,3.4
5001600US4210,"Congressional District 10 (116th Congress), Pennsylvania",581914,283200,298714,40.3,3187,581914,78.1,85079,11.4,1658,0.2,30475,4.1,67716,9.1,558693,67155,86736,65712,1443,92324,-5588,13811,2.3
5001600US4810,"Congressional District 10 (116th Congress), Texas",648467,320268,328199,35.7,6538,648467,70.1,117135,12.7,5158,0.6,46815,5.1,284330,30.7,604700,80528,107527,65712,14816,92324,15203,20492,2.9
5001600US5110,"Congressional District 10 (116th Congress), Virginia",593061,293468,299593,38.8,4823,593061,69.1,68611,8,2284,0.3,133607,15.6,123194,14.4,563408,132226,168433,65712,66514,92324,76109,13056,2
5001600US5310,"Congressional District 10 (116th Congress), Washington",549123,272421,276702,37,4350,549123,71.3,49594,6.4,10547,1.4,56308,7.3,97072,12.6,560905,75114,90483,65712,9402,92324,-1841,20059,3.3
5001600US0611,"Congressional District 11 (116th Congress), California",413527,204498,209029,39.8,5141,413527,54,56424,7.4,4347,0.6,113376,14.8,222446,29.1,502739,103580,149198,65712,37868,92324,56874,16529,2.7
5001600US1211,"Congressional District 11 (116th Congress), Florida",703430,340749,362681,56,5684,703430,86.5,59904,7.4,3377,0.4,11809,1.5,96315,11.8,669669,52749,68637,65712,-12963,92324,-23687,15750,2.2
5001600US1311,"Congressional District 11 (116th Congress), Georgia",557147,274572,282575,37.6,3953,557147,71.2,139051,17.8,4304,0.5,24118,3.1,89980,11.5,552348,76640,108262,65712,10928,92324,15938,12478,2
5001600US1711,"Congressional District 11 (116th Congress), Illinois",498296,243370,254926,37.2,4878,498296,69.1,82835,11.5,3012,0.4,56901,7.9,202886,28.1,478947,81598,103117,65712,15886,92324,10793,16447,2.9
5001600US2611,"Congressional District 11 (116th Congress), Michigan",593221,295243,297978,42.4,5850,593221,80.6,35731,4.9,1167,0.2,82122,11.2,32329,4.4,537952,88253,118711,65712,22541,92324,26387,11808,2
5001600US3411,"Congressional District 11 (116th Congress), New Jersey",586527,284705,301822,43.5,4892,586527,81.7,33240,4.6,525,0.1,75639,10.5,82834,11.5,527170,120847,158188,65712,55135,92324,65864,16214,2.8
5001600US3611,"Congressional District 11 (116th Congress), New York",511527,246434,265093,39.8,4111,511527,69.4,57105,7.7,1128,0.2,113667,15.4,127339,17.3,498830,81253,106594,65712,15541,92324,14270,14202,2.4
5001600US3711,"Congressional District 11 (116th Congress), North Carolina",691103,337551,353552,45.8,4893,691103,89.5,25552,3.3,13542,1.8,8407,1.1,51806,6.7,607938,51884,68839,65712,-13828,92324,-23485,13242,2
5001600US3911,"Congressional District 11 (116th Congress), Ohio",272681,135099,137582,39.3,5059,272681,39.8,362284,52.9,2728,0.4,16381,2.4,32739,4.8,525057,42207,65327,65712,-23505,92324,-26997,32455,5.8
5001600US4211,"Congressional District 11 (116th Congress), Pennsylvania",653693,320229,333464,39.5,3266,653693,89.1,27241,3.7,693,0.1,13448,1.8,65522,8.9,555086,68811,88356,65712,3099,92324,-3968,10772,1.8
5001600US4811,"Congressional District 11 (116th Congress), Texas",656552,327357,329195,35.6,3369,656552,83.1,34120,4.3,4944,0.6,8450,1.1,315521,39.9,543743,64070,86178,65712,-1642,92324,-6146,12521,2.1
5001600US5111,"Congressional District 11 (116th Congress), Virginia",438131,219941,218190,37,4522,438131,55.5,109462,13.9,3746,0.5,147446,18.7,150667,19.1,512022,118099,145694,65712,52387,92324,53370,16281,2.6
5001600US0612,"Congressional District 12 (116th Congress), California",365775,198048,167727,38,3654,365775,46.9,45145,5.8,3317,0.4,255709,32.8,118236,15.2,584273,127290,176105,65712,61578,92324,83781,18920,2.8
5001600US1212,"Congressional District 12 (116th Congress), Florida",700266,335929,364337,46.5,5012,700266,86.3,44759,5.5,2290,0.3,24737,3,113913,14,625818,56761,77612,65712,-8951,92324,-14712,15910,2.4
5001600US1312,"Congressional District 12 (116th Congress), Georgia",426101,214787,211314,36,3566,426101,58.1,251647,34.3,759,0.1,12094,1.7,47735,6.5,547340,50217,67288,65712,-15495,92324,-25036,18767,3.2
5001600US1712,"Congressional District 12 (116th Congress), Illinois",528140,261650,266490,40.4,2980,528140,77.8,113132,16.7,2330,0.3,9047,1.3,22764,3.4,525580,53008,70836,65712,-12704,92324,-21488,17315,3.1
5001600US2612,"Congressional District 12 (116th Congress), Michigan",547006,269917,277089,36.4,5365,547006,77.6,79610,11.3,2133,0.3,38443,5.5,43948,6.2,525725,62253,84978,65712,-3459,92324,-7346,14292,2.5
5001600US3412,"Congressional District 12 (116th Congress), New Jersey",395203,193500,201703,40.4,5324,395203,52.9,129029,17.3,1890,0.3,130417,17.5,137638,18.4,505109,87559,118353,65712,21847,92324,26029,23732,3.9
5001600US3612,"Congressional District 12 (116th Congress), New York",515038,248375,266663,36.2,6981,515038,71,38876,5.4,651,0.1,112130,15.5,104219,14.4,552090,124502,191497,65712,58790,92324,99173,13013,2
5001600US3712,"Congressional District 12 (116th Congress), North Carolina",400802,199013,201789,34.1,3662,400802,44.9,334450,37.5,3691,0.4,51507,5.8,141418,15.9,599115,61658,88761,65712,-4054,92324,-3563,20365,2.9
5001600US3912,"Congressional District 12 (116th Congress), Ohio",681978,331433,350545,39.2,4999,681978,86.5,39764,5,1471,0.2,38505,4.9,20241,2.6,588304,76631,102735,65712,10919,92324,10411,12658,2
5001600US4212,"Congressional District 12 (116th Congress), Pennsylvania",658067,328133,329934,41.1,2913,658067,93.8,15476,2.2,1568,0.2,11645,1.7,18558,2.6,552013,55203,72187,65712,-10509,92324,-20137,13114,2.3
5001600US4812,"Congressional District 12 (116th Congress), Texas",666252,321988,344264,35.9,5280,666252,78.9,81689,9.7,6358,0.8,31875,3.8,196211,23.2,584149,73000,94154,65712,7288,92324,1830,15315,2.3
5001600US0613,"Congressional District 13 (116th Congress), California",312008,156257,155751,37,4660,312008,40.6,134938,17.5,7199,0.9,159253,20.7,171755,22.3,541697,91514,126464,65712,25802,92324,34140,19199,3
5001600US1213,"Congressional District 13 (116th Congress), Florida",577591,282476,295115,47.8,4312,577591,78.9,88347,12.1,1662,0.2,25572,3.5,79210,10.8,585038,56612,83589,65712,-9100,92324,-8735,19369,3.1
5001600US1313,"Congressional District 13 (116th Congress), Georgia",232947,112561,120386,35,5406,232947,29,494566,61.6,1495,0.2,21507,2.7,95809,11.9,550568,66203,82253,65712,491,92324,-10071,22044,3.6
5001600US1713,"Congressional District 13 (116th Congress), Illinois",565536,279253,286283,36.8,3499,565536,80.9,82843,11.9,1154,0.2,27867,4,28126,4,541694,53578,73396,65712,-12134,92324,-18928,18122,3.1
5001600US2613,"Congressional District 13 (116th Congress), Michigan",258937,131560,127377,35.3,4360,258937,38.5,363772,54.1,4528,0.7,8252,1.2,51971,7.7,485588,39005,53400,65712,-26707,92324,-38924,26419,5.1
5001600US3613,"Congressional District 13 (116th Congress), New York",225691,109420,116271,35.3,5783,225691,30,221387,29.5,4197,0.6,32000,4.3,409547,54.5,485528,46298,71932,65712,-19414,92324,-20392,30667,5
5001600US3713,"Congressional District 13 (116th Congress), North Carolina",530622,260665,269957,39.4,4440,530622,68,177941,22.8,3777,0.5,28995,3.7,66379,8.5,581381,56718,74827,65712,-8994,92324,-17497,16757,2.6
5001600US3913,"Congressional District 13 (116th Congress), Ohio",571945,275708,296237,41.7,4191,571945,81.2,88437,12.6,507,0.1,17202,2.4,24866,3.5,560255,46582,62113,65712,-19130,92324,-30211,19445,3.3
5001600US4213,"Congressional District 13 (116th Congress), Pennsylvania",650844,322048,328796,44.2,3394,650844,93.4,22354,3.2,2785,0.4,3555,0.5,24315,3.5,548308,56618,72243,65712,-9094,92324,-20081,10809,1.9
5001600US4813,"Congressional District 13 (116th Congress), Texas",608357,310571,297786,37,2721,608357,85.1,39614,5.5,6049,0.8,17245,2.4,203170,28.4,495640,54004,72249,65712,-11708,92324,-20075,10863,2
5001600US0614,"Congressional District 14 (116th Congress), California",324124,165999,158125,40.1,4454,324124,43.6,18900,2.5,3450,0.5,269620,36.3,171545,23.1,501803,125980,174742,65712,60268,92324,82418,13057,2.1
5001600US1214,"Congressional District 14 (116th Congress), Florida",570683,288378,282305,36.4,5107,570683,68.6,158038,19,589,0.1,36629,4.4,273316,32.9,571062,60022,87268,65712,-5690,92324,-5056,18787,2.8
5001600US1314,"Congressional District 14 (116th Congress), Georgia",619580,303886,315694,38.3,2982,619580,84.6,63917,8.7,2345,0.3,7591,1,89244,12.2,525633,56150,69645,65712,-9562,92324,-22679,17096,3
5001600US1714,"Congressional District 14 (116th Congress), Illinois",626402,310696,315706,39.8,5396,626402,86.1,22642,3.1,420,0.1,38783,5.3,86970,12,523833,100011,121969,65712,34299,92324,29645,12678,2.2
5001600US2614,"Congressional District 14 (116th Congress), Michigan",234993,118809,116184,37,5319,234993,34.1,385996,55.9,2445,0.4,39086,5.7,32746,4.7,496156,50438,76206,65712,-15274,92324,-16118,26177,4.8
5001600US3614,"Congressional District 14 (116th Congress), New York",288342,146648,141694,37.8,5730,288342,41.4,72978,10.5,4367,0.6,124209,17.8,347621,49.9,401473,66749,84981,65712,1037,92324,-7343,17782,3.1
5001600US3914,"Congressional District 14 (116th Congress), Ohio",644694,314787,329907,43.8,4386,644694,90.2,35296,4.9,646,0.1,13892,1.9,23639,3.3,553234,67698,95218,65712,1986,92324,2894,13916,2.4
5001600US4214,"Congressional District 14 (116th Congress), Pennsylvania",633984,310339,323645,45.6,2743,633984,93.4,20587,3,117,0,6259,0.9,10324,1.5,545910,59165,78913,65712,-6547,92324,-13411,16881,3
5001600US4814,"Congressional District 14 (116th Congress), Texas",555583,282810,272773,37.3,3623,555583,73.1,146413,19.3,1845,0.2,24632,3.2,200325,26.3,532061,67459,89256,65712,1747,92324,-3068,13812,2.3
5001600US0615,"Congressional District 15 (116th Congress), California",320614,161511,159103,39.2,5650,320614,41,38274,4.9,3992,0.5,290377,37.1,168024,21.5,502500,125018,158378,65712,59306,92324,66054,14370,2.3
5001600US1215,"Congressional District 15 (116th Congress), Florida",592165,291809,300356,39.4,7893,592165,73.9,113234,14.1,3641,0.5,25625,3.2,190656,23.8,580626,57496,74216,65712,-8216,92324,-18108,16633,2.6
5001600US1715,"Congressional District 15 (116th Congress), Illinois",633301,312755,320546,41.4,2987,633301,92.3,32344,4.7,1125,0.2,4551,0.7,19041,2.8,529276,56268,73940,65712,-9444,92324,-18384,12414,2.3
5001600US3615,"Congressional District 15 (116th Congress), New York",120577,58057,62520,32.1,5016,120577,16.3,310436,42,3309,0.4,13435,1.8,472895,64,421642,31061,47362,65712,-34651,92324,-44962,34399,6.1
5001600US3915,"Congressional District 15 (116th Congress), Ohio",687485,345439,342046,38.8,4441,687485,89.3,36045,4.7,1719,0.2,21362,2.8,18388,2.4,594787,69844,92655,65712,4132,92324,331,13699,2.2
5001600US4215,"Congressional District 15 (116th Congress), Pennsylvania",640736,322046,318690,44.8,3193,640736,95.2,16077,2.4,476,0.1,4902,0.7,8436,1.3,543052,53741,67574,65712,-11971,92324,-24750,12525,2.2
5001600US4815,"Congressional District 15 (116th Congress), Texas",673951,334286,339665,31.8,4953,673951,83.8,15332,1.9,1354,0.2,9735,1.2,659612,82,450561,48113,67075,65712,-17599,92324,-25249,19858,3.4
5001600US0616,"Congressional District 16 (116th Congress), California",421820,204317,217503,31,4155,421820,56,39749,5.3,8599,1.1,69820,9.3,467971,62.1,423209,50401,68470,65712,-15311,92324,-23854,31100,5.6
5001600US1216,"Congressional District 16 (116th Congress), Florida",718753,345029,373724,48.3,6013,718753,82.2,84474,9.7,1700,0.2,19418,2.2,154606,17.7,665073,68071,94659,65712,2359,92324,2335,21043,2.9
5001600US1716,"Congressional District 16 (116th Congress), Illinois",619971,308271,311700,41.2,3922,619971,89.3,26711,3.8,671,0.1,11371,1.6,73367,10.6,530970,62868,79014,65712,-2844,92324,-13310,17822,3.2
5001600US3616,"Congressional District 16 (116th Congress), New York",328712,159872,168840,40.4,6837,328712,44.4,237018,32,4822,0.7,38057,5.1,207671,28.1,506330,74799,124043,65712,9087,92324,31719,21199,3.5
5001600US3916,"Congressional District 16 (116th Congress), Ohio",667377,327937,339440,43.5,4885,667377,92.7,14011,1.9,890,0.1,17892,2.5,18865,2.6,556708,68534,89627,65712,2822,92324,-2697,11775,2
5001600US4216,"Congressional District 16 (116th Congress), Pennsylvania",614553,300979,313574,43,2728,614553,90.6,30249,4.5,1062,0.2,7204,1.1,18448,2.7,537685,54627,72516,65712,-11085,92324,-19808,15234,2.7
5001600US4816,"Congressional District 16 (116th Congress), Texas",590426,290449,299977,32.4,3224,590426,79,28613,3.8,4577,0.6,9844,1.3,607474,81.3,476360,49013,63908,65712,-16699,92324,-28416,20250,3.6
5001600US0617,"Congressional District 17 (116th Congress), California",218288,115633,102655,36.7,5985,218288,27.6,17918,2.3,4637,0.6,439547,55.6,127553,16.1,454565,147671,183186,65712,81959,92324,90862,16014,2.5
5001600US1217,"Congressional District 17 (116th Congress), Florida",689915,337720,352195,52.7,6016,689915,85.7,60802,7.6,3266,0.4,10214,1.3,135320,16.8,635931,53693,72913,65712,-12019,92324,-19411,15154,2.2
5001600US1717,"Congressional District 17 (116th Congress), Illinois",541536,265933,275603,40.7,3146,541536,81.3,82307,12.4,1965,0.3,6370,1,64068,9.6,503019,50346,64740,65712,-15366,92324,-27584,19197,3.6
5001600US3617,"Congressional District 17 (116th Congress), New York",509344,249367,259977,39,4932,509344,69.1,83239,11.3,491,0.1,44985,6.1,167343,22.7,495562,108449,154785,65712,42737,92324,62461,18659,3.2
5001600US4217,"Congressional District 17 (116th Congress), Pennsylvania",622904,305155,317749,43.5,4706,622904,88.1,42335,6,514,0.1,18891,2.7,12271,1.7,551560,70857,98594,65712,5145,92324,6270,11489,2
5001600US4817,"Congressional District 17 (116th Congress), Texas",598086,299824,298262,33.3,4386,598086,76.1,107767,13.7,4307,0.5,35178,4.5,209926,26.7,558009,58929,77801,65712,-6783,92324,-14523,14286,2.3
5001600US0618,"Congressional District 18 (116th Congress), California",471578,234464,237114,39.7,5645,471578,62.6,17848,2.4,1667,0.2,184278,24.4,119314,15.8,486648,149375,219655,65712,83663,92324,127331,10338,1.7
5001600US1218,"Congressional District 18 (116th Congress), Florida",633471,309671,323800,48.1,5726,633471,79.6,101978,12.8,2642,0.3,18453,2.3,139608,17.5,604583,68744,100726,65712,3032,92324,8402,16684,2.5
5001600US1718,"Congressional District 18 (116th Congress), Illinois",633960,306327,327633,40.7,3557,633960,90.3,26887,3.8,482,0.1,20404,2.9,20334,2.9,529986,67284,86615,65712,1572,92324,-5709,13956,2.5
5001600US3618,"Congressional District 18 (116th Congress), New York",554583,275219,279364,39.7,4225,554583,77.2,76169,10.6,2029,0.3,22585,3.1,131573,18.3,530428,91723,118618,65712,26011,92324,26294,10858,1.9
5001600US4218,"Congressional District 18 (116th Congress), Pennsylvania",510053,244663,265390,38.5,5001,510053,73.5,125549,18.1,1019,0.1,29813,4.3,18695,2.7,548814,58743,81907,65712,-6969,92324,-10417,20074,3.4
5001600US4818,"Congressional District 18 (116th Congress), Texas",422157,216402,205755,32.4,5418,422157,51,279070,33.7,3381,0.4,36496,4.4,370358,44.8,489098,48625,73642,65712,-17087,92324,-18682,21908,3.5
5001600US0619,"Congressional District 19 (116th Congress), California",346098,178066,168032,37.4,5658,346098,46.9,20816,2.8,3652,0.5,228588,31,287932,39,470847,107240,144010,65712,41528,92324,51686,15277,2.6
5001600US1219,"Congressional District 19 (116th Congress), Florida",707780,345614,362166,52,5052,707780,85,64865,7.8,1090,0.1,15964,1.9,170559,20.5,637525,67598,105337,65712,1886,92324,13013,13718,1.9
5001600US3619,"Congressional District 19 (116th Congress), New York",610864,302831,308033,45.4,3986,610864,87.1,34081,4.9,1839,0.3,11043,1.6,59070,8.4,555732,67004,90080,65712,1292,92324,-2244,13150,2.2
5001600US4819,"Congressional District 19 (116th Congress), Texas",610334,305098,305236,33.9,3162,610334,83.6,45260,6.2,2991,0.4,11317,1.6,272871,37.4,516199,55278,72678,65712,-10434,92324,-19646,9359,1.6
5001600US0102,"Congressional District 2 (116th Congress), Alabama",424115,209093,215022,39,3060,424115,62.8,217508,32.2,2098,0.3,8458,1.3,26112,3.9,513747,50494,66203,65712,-15218,92324,-26121,13470,2.5
5001600US0402,"Congressional District 2 (116th Congress), Arizona",599844,294805,305039,41.5,4641,599844,81.8,31650,4.3,10104,1.4,20725,2.8,215257,29.4,555917,54835,78700,65712,-10877,92324,-13624,16097,2.6
5001600US0502,"Congressional District 2 (116th Congress), Arkansas",543432,265658,277774,38,2603,543432,70.8,178792,23.3,2763,0.4,11921,1.6,41445,5.4,576874,53600,74591,65712,-12112,92324,-17733,13598,2.2
5001600US0602,"Congressional District 2 (116th Congress), California",565797,277667,288130,44.9,4285,565797,79.9,12978,1.8,17486,2.5,27941,3.9,128719,18.2,531039,80051,126461,65712,14339,92324,34137,16784,2.8
5001600US0802,"Congressional District 2 (116th Congress), Colorado",743729,376981,366748,38,4815,743729,90.3,8646,1,6021,0.7,29524,3.6,90376,11,639136,87585,121316,65712,21873,92324,28992,14800,2.2
5001600US0902,"Congressional District 2 (116th Congress), Connecticut",604510,300620,303890,42.3,3507,604510,86.2,30230,4.3,2941,0.4,26437,3.8,63088,9,548326,80280,103969,65712,14568,92324,11645,17988,3.1
5001600US1202,"Congressional District 2 (116th Congress), Florida",584919,291717,293202,42.7,4846,584919,81.2,91048,12.6,1585,0.2,14734,2,47261,6.6,561491,54087,72266,65712,-11625,92324,-20058,14720,2.5
5001600US1302,"Congressional District 2 (116th Congress), Georgia",279421,141699,137722,37.3,3396,279421,41.6,354964,52.8,2152,0.3,6799,1,35034,5.2,502891,39728,58084,65712,-25984,92324,-34240,27290,5.1
5001600US1502,"Congressional District 2 (116th Congress), Hawaii",220460,115952,104508,40,3706,220460,31.7,9706,1.4,4602,0.7,183489,26.4,85520,12.3,495055,79985,101317,65712,14273,92324,8993,14574,2.6
5001600US1602,"Congressional District 2 (116th Congress), Idaho",768155,387632,380523,34.6,4218,768155,90.1,4945,0.6,11632,1.4,14408,1.7,122117,14.3,600137,58708,78040,65712,-7004,92324,-14284,17038,2.6
5001600US1702,"Congressional District 2 (116th Congress), Illinois",259846,124194,135652,37.9,5262,259846,37.9,383058,55.9,998,0.1,4796,0.7,109578,16,504853,51472,67025,65712,-14240,92324,-25299,29494,5.4
5001600US1802,"Congressional District 2 (116th Congress), Indiana",611348,302751,308597,38.2,2905,611348,84.7,51065,7.1,2393,0.3,10786,1.5,73664,10.2,524091,54788,72210,65712,-10924,92324,-20114,12751,2.2
5001600US1902,"Congressional District 2 (116th Congress), Iowa",693896,345010,348886,39,2408,693896,88.6,38134,4.9,2235,0.3,19484,2.5,45684,5.8,589622,59569,79776,65712,-6143,92324,-12548,16770,2.7
5001600US2002,"Congressional District 2 (116th Congress), Kansas",618520,305996,312524,38.5,2662,618520,86.4,34000,4.7,9299,1.3,11129,1.6,50531,7.1,544073,56515,73697,65712,-9197,92324,-18627,12849,2.2
5001600US2102,"Congressional District 2 (116th Congress), Kentucky",690264,338068,352196,38.8,3563,690264,89.1,40149,5.2,1317,0.2,16477,2.1,26203,3.4,577344,53496,70384,65712,-12216,92324,-21940,17920,2.9
5001600US2202,"Congressional District 2 (116th Congress), Louisiana",247449,127326,120123,37.6,5332,247449,31.4,484763,61.5,3418,0.4,20172,2.6,52181,6.6,592763,44124,65377,65712,-21588,92324,-26947,29934,4.8
5001600US2302,"Congressional District 2 (116th Congress), Maine",620749,305719,315030,45.7,2933,620749,94.4,7229,1.1,6262,1,5163,0.8,9885,1.5,528209,51202,67548,65712,-14510,92324,-24776,13183,2.4
5001600US2402,"Congressional District 2 (116th Congress), Maryland",382427,186403,196024,37.1,5967,382427,50.9,277135,36.9,1538,0.2,39978,5.3,57743,7.7,547348,73004,92666,65712,7292,92324,342,19753,3.3
5001600US2502,"Congressional District 2 (116th Congress), Massachusetts",631470,303874,327596,40.3,5265,631470,83.1,39423,5.2,2206,0.3,45317,6,79317,10.4,573313,77375,100619,65712,11663,92324,8295,17577,2.8
5001600US2602,"Congressional District 2 (116th Congress), Michigan",633304,312339,320965,37.3,3542,633304,84.8,46328,6.2,3960,0.5,16812,2.3,72073,9.6,553948,59356,75299,65712,-6356,92324,-17025,14488,2.4
5001600US2702,"Congressional District 2 (116th Congress), Minnesota",593539,295253,298286,38.1,2772,593539,82.7,40955,5.7,2479,0.3,35642,5,46414,6.5,517880,90531,110658,65712,24819,92324,18334,13671,2.4
5001600US2802,"Congressional District 2 (116th Congress), Mississippi",211581,107243,104338,37.4,3662,211581,30.6,464171,67,3335,0.5,3582,0.5,12888,1.9,519040,37372,54809,65712,-28340,92324,-37515,27800,5.1
5001600US2902,"Congressional District 2 (116th Congress), Missouri",666694,320296,346398,43.3,4534,666694,88.7,27710,3.7,1624,0.2,34616,4.6,23553,3.1,576008,88684,122273,65712,22972,92324,29949,10926,1.8
5001600US3102,"Congressional District 2 (116th Congress), Nebraska",553442,273272,280170,35,2797,553442,80.8,67773,9.9,4911,0.7,25633,3.7,81359,11.9,472694,71277,93424,65712,5565,92324,1100,15274,2.9
5001600US3202,"Congressional District 2 (116th Congress), Nevada",578127,293031,285096,39.6,2966,578127,78.5,14496,2,15907,2.2,33206,4.5,172877,23.5,536143,69972,93141,65712,4260,92324,817,17123,2.9
5001600US3302,"Congressional District 2 (116th Congress), New Hampshire",621154,308767,312387,43.5,3610,621154,92.3,10995,1.6,1134,0.2,17600,2.6,25899,3.8,529493,76368,97529,65712,10656,92324,5205,10225,1.8
5001600US3402,"Congressional District 2 (116th Congress), New Jersey",523412,255475,267937,42.8,4196,523412,74,90885,12.9,2331,0.3,26405,3.7,121410,17.2,528293,68127,95538,65712,2415,92324,3214,20794,3.6
5001600US3502,"Congressional District 2 (116th Congress), New Mexico",578192,291717,286475,37.3,3665,578192,81.9,16873,2.4,37113,5.3,8636,1.2,394506,55.9,492566,46817,62405,65712,-18895,92324,-29919,17672,3.2
5001600US3602,"Congressional District 2 (116th Congress), New York",516218,254279,261939,40.6,5348,516218,73.9,69762,10,3803,0.5,28460,4.1,164794,23.6,512037,108725,128566,65712,43013,92324,36242,10165,1.8
5001600US3702,"Congressional District 2 (116th Congress), North Carolina",638363,314752,323611,39.1,4950,638363,71.8,170552,19.2,3642,0.4,22217,2.5,86596,9.7,636164,75366,100110,65712,9654,92324,7786,24465,3.5
5001600US3902,"Congressional District 2 (116th Congress), Ohio",629338,305335,324003,39.9,3555,629338,86.2,67536,9.2,844,0.1,9898,1.4,17880,2.4,555323,61220,88064,65712,-4492,92324,-4260,14858,2.6
5001600US4002,"Congressional District 2 (116th Congress), Oklahoma",492262,243081,249181,40.3,2000,492262,65.9,23890,3.2,128425,17.2,5170,0.7,42734,5.7,565049,45207,61010,65712,-20505,92324,-31314,15711,2.6
5001600US4102,"Congressional District 2 (116th Congress), Oregon",754274,375244,379030,42.3,4066,754274,89.7,6474,0.8,19663,2.3,9420,1.1,119711,14.2,638108,57870,76252,65712,-7842,92324,-16072,22264,3.3
5001600US4202,"Congressional District 2 (116th Congress), Pennsylvania",325152,154404,170748,35.7,4584,325152,45,182004,25.2,2751,0.4,63804,8.8,201666,27.9,491451,46248,67062,65712,-19464,92324,-25262,28374,5.1
5001600US4402,"Congressional District 2 (116th Congress), Rhode Island",431580,206832,224748,40.8,3895,431580,81.5,32596,6.2,1451,0.3,20280,3.8,71485,13.5,409745,74180,94367,65712,8468,92324,2043,12223,2.8
5001600US4502,"Congressional District 2 (116th Congress), South Carolina",501142,244148,256994,39,3559,501142,69.4,177973,24.6,2827,0.4,13914,1.9,42935,5.9,541862,60781,82774,65712,-4931,92324,-9550,16506,2.9
5001600US4702,"Congressional District 2 (116th Congress), Tennessee",675194,328621,346573,40.5,2799,675194,89,44475,5.9,2606,0.3,12274,1.6,33529,4.4,587665,57777,78752,65712,-7935,92324,-13572,12803,2.1
5001600US4802,"Congressional District 2 (116th Congress), Texas",522787,263442,259345,35.9,6777,522787,66.4,93823,11.9,3869,0.5,65216,8.3,248839,31.6,519981,80922,114057,65712,15210,92324,21733,19549,3.1
5001600US4902,"Congressional District 2 (116th Congress), Utah",657266,328700,328566,33.4,3557,657266,83.4,11721,1.5,9819,1.2,24378,3.1,124580,15.8,534997,69852,91678,65712,4140,92324,-646,10905,1.8
5001600US5102,"Congressional District 2 (116th Congress), Virginia",486553,245159,241394,36.9,3403,486553,67.2,139463,19.3,1888,0.3,44601,6.2,59982,8.3,553005,74704,94875,65712,8992,92324,2551,14606,2.5
5001600US5302,"Congressional District 2 (116th Congress), Washington",578055,287221,290834,38.9,4869,578055,76.1,25095,3.3,12825,1.7,72330,9.5,84560,11.1,566650,75095,94433,65712,9383,92324,2109,17406,2.8
5001600US5402,"Congressional District 2 (116th Congress), West Virginia",571968,280039,291929,42.3,3536,571968,91.8,27559,4.4,1319,0.2,5756,0.9,13950,2.2,485281,52166,69930,65712,-13546,92324,-22394,14196,2.8
5001600US5502,"Congressional District 2 (116th Congress), Wisconsin",664613,329374,335239,37.2,2516,664613,85.9,33742,4.4,2833,0.4,35058,4.5,52787,6.8,579336,72036,93209,65712,6324,92324,885,9626,1.5
5001600US0620,"Congressional District 20 (116th Congress), California",431723,213074,218649,35.6,3042,431723,58.2,17690,2.4,4564,0.6,43204,5.8,401455,54.1,446278,80461,109547,65712,14749,92324,17223,17709,3
5001600US1220,"Congressional District 20 (116th Congress), Florida",307837,154482,153355,36.9,7139,307837,38.4,424842,52.9,2668,0.3,19999,2.5,214781,26.8,491860,49223,65168,65712,-16489,92324,-27156,30461,4.8
5001600US3620,"Congressional District 20 (116th Congress), New York",568073,275057,293016,39.2,3753,568073,78.3,67434,9.3,529,0.1,38254,5.3,48551,6.7,560724,71156,90992,65712,5444,92324,-1332,16340,2.7
5001600US4820,"Congressional District 20 (116th Congress), Texas",653853,317010,336843,32.6,5223,653853,78.5,47638,5.7,8916,1.1,25364,3,569829,68.4,547526,54908,71462,65712,-10804,92324,-20862,22022,3.4
5001600US0621,"Congressional District 21 (116th Congress), California",518642,268942,249700,29.8,4588,518642,71.1,21050,2.9,12589,1.7,23102,3.2,549049,75.3,376921,46037,61549,65712,-19675,92324,-30775,27163,5.2
5001600US1221,"Congressional District 21 (116th Congress), Florida",584990,283432,301558,47,5943,584990,74.4,127907,16.3,3380,0.4,21523,2.7,199896,25.4,549008,65394,97414,65712,-318,92324,5090,15965,2.4
5001600US3621,"Congressional District 21 (116th Congress), New York",642777,324201,318576,41.5,3152,642777,92.5,19695,2.8,3358,0.5,8348,1.2,23805,3.4,546491,57320,74285,65712,-8392,92324,-18039,13771,2.4
5001600US4821,"Congressional District 21 (116th Congress), Texas",702484,343181,359303,38.9,5652,702484,84.7,34580,4.2,6407,0.8,31805,3.8,253031,30.5,628280,73472,107445,65712,7760,92324,15121,14301,2.1
5001600US0622,"Congressional District 22 (116th Congress), California",507640,250339,257301,33,4719,507640,66,24551,3.2,7588,1,64218,8.4,388738,50.6,485479,66532,85993,65712,820,92324,-6331,23790,4.2
5001600US1222,"Congressional District 22 (116th Congress), Florida",584725,292732,291993,45.8,6395,584725,76.8,114958,15.1,1058,0.1,26354,3.5,176508,23.2,549615,69452,105354,65712,3740,92324,13030,18308,2.8
5001600US3622,"Congressional District 22 (116th Congress), New York",610787,301555,309232,41,2636,610787,88.7,26576,3.9,1382,0.2,20425,3,27723,4,533819,56615,74260,65712,-9097,92324,-18064,14265,2.5
5001600US4822,"Congressional District 22 (116th Congress), Texas",573797,286539,287258,36.7,5768,573797,59.7,138861,14.5,5297,0.6,175654,18.3,257743,26.8,610720,101658,126579,65712,35946,92324,34255,16272,2.2
5001600US0623,"Congressional District 23 (116th Congress), California",535011,269353,265658,35.1,4966,535011,72.1,50086,6.8,7512,1,37043,5,301731,40.7,499637,63550,85125,65712,-2162,92324,-7199,26588,4.7
5001600US1223,"Congressional District 23 (116th Congress), Florida",549287,267740,281547,41.8,6968,549287,72,115837,15.2,2487,0.3,37555,4.9,305924,40.1,512459,69198,100278,65712,3486,92324,7954,14481,2.3
5001600US3623,"Congressional District 23 (116th Congress), New York",621613,305916,315697,41.2,2560,621613,90.4,20206,2.9,4071,0.6,16338,2.4,28735,4.2,540476,53769,72421,65712,-11943,92324,-19903,14446,2.5
5001600US4823,"Congressional District 23 (116th Congress), Texas",663333,329880,333453,34.4,5628,663333,84.3,27258,3.5,6505,0.8,15943,2,547522,69.6,510863,59074,81548,65712,-6638,92324,-10776,12280,2.1
5001600US0624,"Congressional District 24 (116th Congress), California",592003,293556,298447,36.5,2559,592003,80.3,15063,2,8554,1.2,37167,5,272767,37,510335,76308,106618,65712,10596,92324,14294,15488,2.6
5001600US1224,"Congressional District 24 (116th Congress), Florida",327064,166061,161003,37.3,7402,327064,43.3,355273,47.1,1500,0.2,8670,1.1,319684,42.4,464185,44275,63042,65712,-21437,92324,-29282,19249,3.2
5001600US3624,"Congressional District 24 (116th Congress), New York",584533,285206,299327,40.4,2434,584533,83.3,59333,8.5,3472,0.5,19686,2.8,33280,4.7,539232,60899,81493,65712,-4813,92324,-10831,13924,2.4
5001600US4824,"Congressional District 24 (116th Congress), Texas",518092,259296,258796,35.6,5721,518092,62.2,108712,13.1,4436,0.5,129375,15.5,196732,23.6,529495,79667,113847,65712,13955,92324,21523,15720,2.4
5001600US0625,"Congressional District 25 (116th Congress), California",482656,244167,238489,37.2,5811,482656,67.1,72324,10.1,11794,1.6,61940,8.6,287815,40,490670,84670,109113,65712,18958,92324,16789,15355,2.7
5001600US1225,"Congressional District 25 (116th Congress), Florida",720833,353715,367118,42.8,6666,720833,90.5,32792,4.1,679,0.1,9017,1.1,604995,76,466682,56270,74887,65712,-9442,92324,-17437,11987,1.8
5001600US3625,"Congressional District 25 (116th Congress), New York",535686,261077,274609,39.1,2824,535686,75,113229,15.8,1744,0.2,26360,3.7,67507,9.4,547133,61336,83883,65712,-4376,92324,-8441,17260,2.9
5001600US4825,"Congressional District 25 (116th Congress), Texas",674846,340029,334817,37.8,5388,674846,82.4,60306,7.4,4034,0.5,30741,3.8,152814,18.7,596070,79975,113438,65712,14263,92324,21114,16205,2.5
5001600US0626,"Congressional District 26 (116th Congress), California",588465,288578,299887,38.4,3568,588465,81.1,14221,2,5209,0.7,48373,6.7,335047,46.2,483010,91602,120502,65712,25890,92324,28178,15429,2.7
5001600US1226,"Congressional District 26 (116th Congress), Florida",634078,312803,321275,40.3,7369,634078,81.2,87653,11.2,2340,0.3,11038,1.4,565291,72.4,481612,65584,83792,65712,-128,92324,-8532,15914,2.5
5001600US3626,"Congressional District 26 (116th Congress), New York",494724,238954,255770,38.1,3739,494724,70.4,128828,18.3,3868,0.6,32751,4.7,49337,7,540265,52122,70456,65712,-13590,92324,-21868,13652,2.4
5001600US4826,"Congressional District 26 (116th Congress), Texas",700197,345264,354933,36.3,3860,700197,76,83798,9.1,5227,0.6,72059,7.8,182394,19.8,625355,96307,122488,65712,30595,92324,30164,15681,2.2
5001600US0627,"Congressional District 27 (116th Congress), California",272974,135400,137574,41.5,6681,272974,38.3,27903,3.9,4689,0.7,280320,39.3,198455,27.8,482244,90792,121654,65712,25080,92324,29330,12522,2.1
5001600US1227,"Congressional District 27 (116th Congress), Florida",642481,314057,328424,42.1,7007,642481,85.6,42809,5.7,738,0.1,18237,2.4,531464,70.8,457408,60384,104196,65712,-5328,92324,11872,10833,1.7
5001600US3627,"Congressional District 27 (116th Congress), New York",666977,329158,337819,44.4,4604,666977,92.7,18872,2.6,4318,0.6,6862,1,20931,2.9,568055,69186,89211,65712,3474,92324,-3113,12320,2.1
5001600US4827,"Congressional District 27 (116th Congress), Texas",639102,316677,322425,36.7,3651,639102,85.7,36889,4.9,1648,0.2,11894,1.6,404885,54.3,523961,55987,72691,65712,-9725,92324,-19633,17129,2.9
5001600US0628,"Congressional District 28 (116th Congress), California",465624,232878,232746,40,6085,465624,67.2,18925,2.7,3623,0.5,104561,15.1,165802,23.9,489048,74431,107551,65712,8719,92324,15227,22495,3.8
5001600US4828,"Congressional District 28 (116th Congress), Texas",677177,335563,341614,31.2,5552,677177,87.7,29977,3.9,3486,0.5,5377,0.7,609392,78.9,441163,53597,69962,65712,-12115,92324,-22362,20352,3.6
5001600US0629,"Congressional District 29 (116th Congress), California",417841,207544,210297,35.1,5480,417841,58.2,28855,4,3929,0.5,53078,7.4,481031,67,416537,60970,79657,65712,-4742,92324,-12667,19035,3.3
5001600US4829,"Congressional District 29 (116th Congress), Texas",566071,282324,283747,30.3,4982,566071,72.2,82553,10.5,2199,0.3,14188,1.8,617046,78.7,394689,48300,61503,65712,-17412,92324,-30821,21462,3.8
5001600US0103,"Congressional District 3 (116th Congress), Alabama",494456,242850,251606,38.9,2879,494456,68.9,188613,26.3,2142,0.3,13239,1.8,21161,2.9,550776,51925,69896,65712,-13787,92324,-22428,19545,3.4
5001600US0403,"Congressional District 3 (116th Congress), Arizona",596963,295134,301829,32.1,5515,596963,74.5,35114,4.4,37049,4.6,13733,1.7,521506,65.1,498408,54583,66621,65712,-11129,92324,-25703,29039,4.8
5001600US0503,"Congressional District 3 (116th Congress), Arkansas",695183,340432,354751,36.2,3054,695183,83.8,25683,3.1,8771,1.1,25356,3.1,123805,14.9,579984,54310,76973,65712,-11402,92324,-15351,19333,3
5001600US0603,"Congressional District 3 (116th Congress), California",519095,257433,261662,35.5,3812,519095,68.7,47499,6.3,9194,1.2,85141,11.3,228566,30.2,522479,73191,97313,65712,7479,92324,4989,17005,2.8
5001600US0803,"Congressional District 3 (116th Congress), Colorado",676878,342787,334091,40.6,3167,676878,89.5,7114,0.9,16586,2.2,8688,1.1,189513,25,571465,59973,82360,65712,-5739,92324,-9964,14437,2.3
5001600US0903,"Congressional District 3 (116th Congress), Connecticut",513602,247640,265962,41.3,4720,513602,71.5,111063,15.5,1308,0.2,30311,4.2,120242,16.7,545247,70574,95139,65712,4862,92324,2815,24134,4
5001600US1203,"Congressional District 3 (116th Congress), Florida",566550,280221,286329,37.9,4881,566550,74.7,124096,16.4,2147,0.3,24988,3.3,86434,11.4,579748,56005,75331,65712,-9707,92324,-16993,18613,3
5001600US1303,"Congressional District 3 (116th Congress), Georgia",515005,253211,261794,38.9,4235,515005,68.6,190642,25.4,1471,0.2,15462,2.1,45170,6,554271,66614,84097,65712,902,92324,-8227,15773,2.7
5001600US1703,"Congressional District 3 (116th Congress), Illinois",543259,273920,269339,40,7630,543259,77.3,37020,5.3,3252,0.5,33325,4.7,227075,32.3,485828,75411,97421,65712,9699,92324,5097,20252,3.6
5001600US1803,"Congressional District 3 (116th Congress), Indiana",650682,320538,330144,37.4,2754,650682,86.4,45663,6.1,2965,0.4,20029,2.7,47737,6.3,542756,57288,75461,65712,-8424,92324,-16863,13383,2.3
5001600US1903,"Congressional District 3 (116th Congress), Iowa",748148,367239,380909,37.4,2484,748148,88.2,43685,5.2,2702,0.3,31585,3.7,60724,7.2,614259,67681,88332,65712,1969,92324,-3992,18987,2.9
5001600US2003,"Congressional District 3 (116th Congress), Kansas",616313,301337,314976,37.1,2448,616313,79,65806,8.4,2039,0.3,40136,5.1,97137,12.5,540910,81792,108530,65712,16080,92324,16206,13401,2.2
5001600US2103,"Congressional District 3 (116th Congress), Kentucky",526605,257706,268899,38.3,2556,526605,70.9,170844,23,1302,0.2,20702,2.8,45239,6.1,548524,57546,78555,65712,-8166,92324,-13769,17961,3
5001600US2203,"Congressional District 3 (116th Congress), Louisiana",548286,267587,280699,36.8,3563,548286,69.8,196006,25,3488,0.4,11971,1.5,32885,4.2,579437,51504,72910,65712,-14208,92324,-19414,18666,3.1
5001600US2403,"Congressional District 3 (116th Congress), Maryland",481237,234973,246264,36.8,5826,481237,61.7,182974,23.5,3797,0.5,57605,7.4,73563,9.4,559105,94736,124533,65712,29024,92324,32209,20206,3.2
5001600US2503,"Congressional District 3 (116th Congress), Massachusetts",570854,284086,286768,39.6,5941,570854,74,31917,4.1,2099,0.3,57317,7.4,164536,21.3,549542,81879,110776,65712,16167,92324,18452,19304,3.1
5001600US2603,"Congressional District 3 (116th Congress), Michigan",623004,308732,314272,37.4,3708,623004,82.8,62185,8.3,2021,0.3,15948,2.1,60188,8,554738,64919,86599,65712,-793,92324,-5725,17844,3
5001600US2703,"Congressional District 3 (116th Congress), Minnesota",564634,276474,288160,39.9,4411,564634,77.3,60789,8.3,2954,0.4,64480,8.8,29233,4,528462,98877,132166,65712,33165,92324,39842,10152,1.8
5001600US2803,"Congressional District 3 (116th Congress), Mississippi",447016,218956,228060,38.4,4201,447016,60.5,261390,35.4,7390,1,9074,1.2,17446,2.4,560442,49863,69327,65712,-15849,92324,-22997,16946,2.9
5001600US2903,"Congressional District 3 (116th Congress), Missouri",736085,367899,368186,39.8,3953,736085,91.7,31939,4,3111,0.4,10500,1.3,21486,2.7,608065,69621,85293,65712,3909,92324,-7031,13276,2.1
5001600US3103,"Congressional District 3 (116th Congress), Nebraska",539015,269394,269621,40.2,2030,539015,90.2,8774,1.5,4376,0.7,4377,0.7,72628,12.2,440891,55729,71413,65712,-9983,92324,-20911,8306,1.8
5001600US3203,"Congressional District 3 (116th Congress), Nevada",552971,278543,274428,39.7,5731,552971,64.5,75071,8.8,5408,0.6,118798,13.9,145320,17,630813,79169,108495,65712,13457,92324,16171,19905,2.9
5001600US3403,"Congressional District 3 (116th Congress), New Jersey",581851,279821,302030,43.5,4279,581851,79.1,84650,11.5,1217,0.2,27749,3.8,67228,9.1,568535,85746,110366,65712,20034,92324,18042,17830,2.9
5001600US3503,"Congressional District 3 (116th Congress), New Mexico",457189,225527,231662,39.3,2948,457189,65.3,13036,1.9,130823,18.7,9523,1.4,285661,40.8,519277,53357,73209,65712,-12355,92324,-19115,17269,3.1
5001600US3603,"Congressional District 3 (116th Congress), New York",532099,262436,269663,45.9,6977,532099,73.3,20765,2.9,3957,0.5,120882,16.7,80656,11.1,536640,126191,175040,65712,60479,92324,82716,12432,2.1
5001600US3703,"Congressional District 3 (116th Congress), North Carolina",557793,285934,271859,37.9,3624,557793,73.2,150734,19.8,3217,0.4,10731,1.4,64167,8.4,581048,53545,71229,65712,-12167,92324,-21095,18461,3
5001600US3903,"Congressional District 3 (116th Congress), Ohio",430038,213027,217011,32.6,3906,430038,52.8,281245,34.6,2007,0.2,35864,4.4,58824,7.2,565727,51435,68130,65712,-14277,92324,-24194,23307,3.7
5001600US4003,"Congressional District 3 (116th Congress), Oklahoma",623806,313594,310212,37,2862,623806,79.8,28383,3.6,52360,6.7,10987,1.4,83281,10.6,568862,54629,72691,65712,-11083,92324,-19633,12241,2
5001600US4103,"Congressional District 3 (116th Congress), Oregon",666779,330347,336432,37.6,4581,666779,78.2,40735,4.8,6973,0.8,63470,7.4,99113,11.6,641510,73091,96542,65712,7379,92324,4218,20759,2.9
5001600US4203,"Congressional District 3 (116th Congress), Pennsylvania",246857,121753,125104,33.6,4109,246857,33.3,418050,56.4,4142,0.6,41852,5.6,32106,4.3,573719,49897,79389,65712,-15815,92324,-12935,30636,4.9
5001600US4503,"Congressional District 3 (116th Congress), South Carolina",531157,260822,270335,40.6,3024,531157,75.1,135804,19.2,1550,0.2,6962,1,33297,4.7,540303,50815,70574,65712,-14897,92324,-21750,15657,2.7
5001600US4703,"Congressional District 3 (116th Congress), Tennessee",627339,310531,316808,41.6,3745,627339,84.4,77855,10.5,2505,0.3,10756,1.4,32121,4.3,573580,52491,73156,65712,-13221,92324,-19168,20492,3.4
5001600US4803,"Congressional District 3 (116th Congress), Texas",613332,303079,310253,37.5,3450,613332,67.2,90163,9.9,2900,0.3,162835,17.8,136182,14.9,584690,95619,123320,65712,29907,92324,30996,20092,2.8
5001600US4903,"Congressional District 3 (116th Congress), Utah",704050,353931,350119,28.7,4284,704050,90.3,5428,0.7,11851,1.5,14874,1.9,85324,10.9,523751,78931,104957,65712,13219,92324,12633,13997,2.4
5001600US5103,"Congressional District 3 (116th Congress), Virginia",329198,166732,162466,35.1,4002,329198,43.3,360389,47.4,975,0.1,19615,2.6,51982,6.8,567916,56455,74260,65712,-9257,92324,-18064,23109,3.8
5001600US5303,"Congressional District 3 (116th Congress), Washington",650254,322235,328019,39.8,3386,650254,85.9,12360,1.6,4954,0.7,24586,3.2,77109,10.2,556214,70936,90795,65712,5224,92324,-1529,18201,3
5001600US5403,"Congressional District 3 (116th Congress), West Virginia",532626,260434,272192,44.2,2376,532626,93.9,23213,4.1,195,0,3051,0.5,5468,1,452043,42553,58299,65712,-23159,92324,-34025,17525,3.7
5001600US5503,"Congressional District 3 (116th Congress), Wisconsin",673955,338454,335501,39.2,2797,673955,93.2,10906,1.5,3936,0.5,17737,2.5,20626,2.9,565661,59426,75768,65712,-6286,92324,-16556,11101,1.9
5001600US0630,"Congressional District 30 (116th Congress), California",470231,229597,240634,40.5,7394,470231,61.5,34250,4.5,2473,0.3,94943,12.4,223940,29.3,529032,89460,126258,65712,23748,92324,33934,19675,3.1
5001600US4830,"Congressional District 30 (116th Congress), Texas",379301,192949,186352,33,4671,379301,47.9,326682,41.2,2008,0.3,14082,1.8,321059,40.5,476002,51819,71248,65712,-13893,92324,-21076,22637,3.8
5001600US0631,"Congressional District 31 (116th Congress), California",455935,226353,229582,34.2,5636,455935,60.5,84285,11.2,3058,0.4,63191,8.4,402897,53.5,498759,70554,89857,65712,4842,92324,-2467,19396,3.3
5001600US4831,"Congressional District 31 (116th Congress), Texas",682987,339466,343521,35,2664,682987,74.6,112907,12.3,4310,0.5,54257,5.9,231424,25.3,625582,75813,96783,65712,10101,92324,4459,26802,3.8
5001600US0632,"Congressional District 32 (116th Congress), California",352520,169549,182971,38.9,5390,352520,50.3,18171,2.6,5918,0.8,134550,19.2,427402,61,456875,71136,87105,65712,5424,92324,-5219,18975,3.3
5001600US4832,"Congressional District 32 (116th Congress), Texas",524069,261823,262246,35.3,5789,524069,67.4,116090,14.9,4279,0.5,63707,8.2,210282,27,497892,76464,122253,65712,10752,92324,29929,15980,2.6
5001600US0633,"Congressional District 33 (116th Congress), California",502404,248648,253756,41.2,6872,502404,71.4,22288,3.2,2152,0.3,114724,16.3,94703,13.5,522362,117012,184515,65712,51300,92324,92191,16442,2.8
5001600US4833,"Congressional District 33 (116th Congress), Texas",456809,231226,225583,30.6,5600,456809,60.8,121634,16.2,2869,0.4,16009,2.1,501434,66.8,354913,45997,57640,65712,-19715,92324,-34684,21488,3.9
5001600US0634,"Congressional District 34 (116th Congress), California",253054,131282,121772,35,5513,253054,34.7,36140,5,12237,1.7,147955,20.3,436903,59.8,416264,52043,75939,65712,-13669,92324,-16385,22351,3.7
5001600US4834,"Congressional District 34 (116th Congress), Texas",653713,320865,332848,32.5,4327,653713,91.7,10005,1.4,2010,0.3,3375,0.5,602457,84.5,429232,42092,58810,65712,-23620,92324,-33514,14960,2.8
5001600US0635,"Congressional District 35 (116th Congress), California",398056,201752,196304,33.3,5198,398056,52.1,40871,5.3,8069,1.1,56793,7.4,544473,71.2,455488,73069,85742,65712,7357,92324,-6582,17222,2.9
5001600US4835,"Congressional District 35 (116th Congress), Texas",659727,329826,329901,33,5592,659727,76.9,78878,9.2,4786,0.6,15415,1.8,519807,60.6,570039,53898,69054,65712,-11814,92324,-23270,18311,2.7
5001600US0636,"Congressional District 36 (116th Congress), California",538309,274455,263854,43.1,6723,538309,71.2,37386,4.9,9755,1.3,29631,3.9,369004,48.8,538461,58728,84905,65712,-6984,92324,-7419,23328,3.8
5001600US4836,"Congressional District 36 (116th Congress), Texas",625107,311893,313214,37,4486,625107,82.4,68076,9,3428,0.5,13314,1.8,215731,28.5,525600,62206,81916,65712,-3506,92324,-10408,22132,3.8
5001600US0637,"Congressional District 37 (116th Congress), California",368150,186798,181352,35.7,6197,368150,50.2,160728,21.9,3712,0.5,67330,9.2,293748,40,475186,69573,106810,65712,3861,92324,14486,18045,3
5001600US0638,"Congressional District 38 (116th Congress), California",291696,144222,147474,38,6433,291696,41.4,34112,4.8,6043,0.9,113548,16.1,433218,61.5,475031,79573,93523,65712,13861,92324,1199,16359,2.9
5001600US0639,"Congressional District 39 (116th Congress), California",372510,183375,189135,40.5,6342,372510,51.9,12460,1.7,1927,0.3,234610,32.7,235768,32.9,486371,96431,118771,65712,30719,92324,26447,18026,3.1
5001600US0104,"Congressional District 4 (116th Congress), Alabama",596835,291952,304883,41.1,3724,596835,86.8,50846,7.4,3277,0.5,3259,0.5,47731,6.9,516456,47531,63030,65712,-18181,92324,-29294,13277,2.4
5001600US0404,"Congressional District 4 (116th Congress), Arizona",725078,363875,361203,48.7,6149,725078,87.8,13707,1.7,18525,2.2,8637,1,169358,20.5,646034,55040,71309,65712,-10672,92324,-21015,17416,2.5
5001600US0504,"Congressional District 4 (116th Congress), Arkansas",519725,255872,263853,41.4,3174,519725,74,136528,19.4,3731,0.5,5026,0.7,42280,6,530036,43824,58764,65712,-21888,92324,-33560,13941,2.5
5001600US0604,"Congressional District 4 (116th Congress), California",639821,318130,321691,44.9,4418,639821,84.4,12709,1.7,9204,1.2,44874,5.9,99503,13.1,577133,86374,113380,65712,20662,92324,21056,15150,2.4
5001600US0804,"Congressional District 4 (116th Congress), Colorado",773040,388917,384123,38,3945,773040,89,14142,1.6,8183,0.9,19408,2.2,194184,22.4,618377,83609,105445,65712,17897,92324,13121,14809,2.2
5001600US0904,"Congressional District 4 (116th Congress), Connecticut",533457,263136,270321,40,4216,533457,72.3,91538,12.4,781,0.1,40451,5.5,153359,20.8,487562,101646,173416,65712,35934,92324,81092,21403,3.7
5001600US1204,"Congressional District 4 (116th Congress), Florida",665073,328352,336721,39.3,5178,665073,79.5,82632,9.9,3103,0.4,38391,4.6,72950,8.7,625074,77026,104651,65712,11314,92324,12327,19156,2.8
5001600US1304,"Congressional District 4 (116th Congress), Georgia",213149,105292,107857,36.5,5269,213149,27.3,476112,60.9,2699,0.3,36258,4.6,79642,10.2,533857,60128,77312,65712,-5584,92324,-15012,21214,3.5
5001600US1704,"Congressional District 4 (116th Congress), Illinois",392916,197475,195441,34,5507,392916,58.1,30368,4.5,3748,0.6,29896,4.4,453973,67.1,396371,59548,80812,65712,-6164,92324,-11512,18039,3.3
5001600US1804,"Congressional District 4 (116th Congress), Indiana",667122,330145,336977,36.7,3564,667122,87,35576,4.6,1731,0.2,25022,3.3,48052,6.3,567896,60119,77949,65712,-5593,92324,-14375,13175,2.1
5001600US1904,"Congressional District 4 (116th Congress), Iowa",693381,348252,345129,38.9,2510,693381,92.5,14779,2,3550,0.5,12504,1.7,57434,7.7,563102,58270,73614,65712,-7442,92324,-18710,10862,1.8
5001600US2004,"Congressional District 4 (116th Congress), Kansas",591897,292630,299267,36.9,2582,591897,81.9,48322,6.7,6263,0.9,24693,3.4,93520,12.9,517398,58119,75921,65712,-7593,92324,-16403,18219,3.2
5001600US2104,"Congressional District 4 (116th Congress), Kentucky",700198,345708,354490,39.7,3145,700198,91.9,24620,3.2,313,0,11824,1.6,25953,3.4,568729,66327,89126,65712,615,92324,-3198,11487,1.9
5001600US2204,"Congressional District 4 (116th Congress), Louisiana",448340,226180,222160,38.3,2769,448340,60.8,250359,33.9,6705,0.9,7629,1,32679,4.4,555133,44580,63751,65712,-21132,92324,-28573,18647,3.2
5001600US2404,"Congressional District 4 (116th Congress), Maryland",216598,108493,108105,38,5208,216598,28.5,397281,52.4,1685,0.2,22684,3,132579,17.5,499522,88207,109308,65712,22495,92324,16984,21444,3.6
5001600US2504,"Congressional District 4 (116th Congress), Massachusetts",640671,311278,329393,41.1,5569,640671,83.7,27124,3.5,1193,0.2,55145,7.2,38257,5,562422,104857,148958,65712,39145,92324,56634,14323,2.3
5001600US2604,"Congressional District 4 (116th Congress), Michigan",658899,329708,329191,41.8,2434,658899,93.7,12781,1.8,5622,0.8,7221,1,24643,3.5,554656,54166,73398,65712,-11546,92324,-18926,15683,2.7
5001600US2704,"Congressional District 4 (116th Congress), Minnesota",504711,245230,259481,36.5,2786,504711,70.1,77715,10.8,3045,0.4,92979,12.9,48538,6.7,516588,75665,102255,65712,9953,92324,9931,12902,2.3
5001600US2804,"Congressional District 4 (116th Congress), Mississippi",554611,272663,281948,39,3856,554611,71.5,182411,23.5,2799,0.4,10169,1.3,34059,4.4,587363,47340,66313,65712,-18372,92324,-26011,27808,4.5
5001600US2904,"Congressional District 4 (116th Congress), Missouri",688277,343115,345162,37.1,3590,688277,88.7,36132,4.7,3926,0.5,14754,1.9,30373,3.9,590595,53237,70829,65712,-12475,92324,-21495,14879,2.4
5001600US3204,"Congressional District 4 (116th Congress), Nevada",492091,249429,242662,37.3,5545,492091,63.6,120732,15.6,8904,1.2,43238,5.6,247809,32,521318,62241,79034,65712,-3471,92324,-13290,20537,3.4
5001600US3404,"Congressional District 4 (116th Congress), New Jersey",643157,317536,325621,41.1,5341,643157,86,46408,6.2,592,0.1,31304,4.2,84058,11.2,536357,91212,128446,65712,25500,92324,36122,13428,2.3
5001600US3604,"Congressional District 4 (116th Congress), New York",470752,231819,238933,40.4,4961,470752,64.5,111223,15.2,1491,0.2,53351,7.3,163808,22.4,512546,110677,144227,65712,44965,92324,51903,14208,2.4
5001600US3704,"Congressional District 4 (116th Congress), North Carolina",523931,254821,269110,35.2,4407,523931,60,197616,22.6,4349,0.5,81768,9.4,99150,11.4,610536,75687,103088,65712,9975,92324,10764,18389,2.6
5001600US3904,"Congressional District 4 (116th Congress), Ohio",635946,314602,321344,41.4,3700,635946,89.3,37072,5.2,1756,0.2,8515,1.2,27628,3.9,550776,60212,73903,65712,-5500,92324,-18421,13151,2.3
5001600US4004,"Congressional District 4 (116th Congress), Oklahoma",595524,296640,298884,36.5,3018,595524,75.1,56615,7.1,46742,5.9,19196,2.4,69799,8.8,594411,59463,77458,65712,-6249,92324,-14866,15974,2.5
5001600US4104,"Congressional District 4 (116th Congress), Oregon",721421,354556,366865,41.6,3482,721421,87.9,7707,0.9,7636,0.9,19038,2.3,69429,8.5,650640,55886,73782,65712,-9826,92324,-18542,23464,3.4
5001600US4204,"Congressional District 4 (116th Congress), Pennsylvania",581586,282836,298750,41.2,3480,581586,79.6,70556,9.7,817,0.1,49265,6.7,41567,5.7,552061,91030,123786,65712,25318,92324,31462,13281,2.2
5001600US4504,"Congressional District 4 (116th Congress), South Carolina",553998,270300,283698,38.4,3332,553998,73.5,132698,17.6,2909,0.4,19754,2.6,67931,9,555462,60731,83293,65712,-4981,92324,-9031,15341,2.5
5001600US4704,"Congressional District 4 (116th Congress), Tennessee",677310,330420,346890,37.8,3517,677310,83.3,80790,9.9,1642,0.2,16030,2,59399,7.3,596604,59461,74449,65712,-6251,92324,-17875,16526,2.6
5001600US4804,"Congressional District 4 (116th Congress), Texas",629311,307455,321856,39.1,4032,629311,80.4,85256,10.9,5258,0.7,12422,1.6,118785,15.2,562550,60060,81530,65712,-5652,92324,-10794,13598,2.2
5001600US4904,"Congressional District 4 (116th Congress), Utah",718205,358377,359828,31.5,4519,718205,84.5,12608,1.5,4759,0.6,23627,2.8,145687,17.1,545663,80918,97217,65712,15206,92324,4893,16929,2.7
5001600US5104,"Congressional District 4 (116th Congress), Virginia",394028,198607,195421,37.8,4188,394028,51.3,315577,41.1,2487,0.3,12914,1.7,46332,6,589257,60407,84497,65712,-5305,92324,-7827,20613,3.3
5001600US5304,"Congressional District 4 (116th Congress), Washington",553564,275917,277647,34.4,2905,553564,75.2,10104,1.4,19600,2.7,10032,1.4,291924,39.7,446137,59872,78622,65712,-5840,92324,-13702,20324,3.7
5001600US5504,"Congressional District 4 (116th Congress), Wisconsin",357357,175139,182218,32.8,3560,357357,50.8,237241,33.7,5026,0.7,27924,4,123967,17.6,487730,47421,65073,65712,-18291,92324,-27251,17213,3.1
5001600US0640,"Congressional District 40 (116th Congress), California",398844,200704,198140,31.2,5326,398844,55.7,36462,5.1,7769,1.1,13600,1.9,638644,89.2,334291,51774,65954,65712,-13938,92324,-26370,21887,4.1
5001600US0641,"Congressional District 41 (116th Congress), California",366550,184297,182253,31.5,4609,366550,46.6,71481,9.1,6373,0.8,52633,6.7,493098,62.7,479421,69984,85695,65712,4272,92324,-6629,21296,3.6
5001600US0642,"Congressional District 42 (116th Congress), California",513962,252205,261757,35.6,5720,513962,61.1,52259,6.2,4269,0.5,80031,9.5,350171,41.7,565461,90651,114232,65712,24939,92324,21908,20144,3.1
5001600US0643,"Congressional District 43 (116th Congress), California",324125,160991,163134,35.4,6559,324125,43.3,151208,20.2,6655,0.9,89757,12,371842,49.7,451030,66670,91243,65712,958,92324,-1081,19336,3.3
5001600US0644,"Congressional District 44 (116th Congress), California",328279,163333,164946,33.5,6468,328279,45.8,104940,14.6,5264,0.7,42825,6,512057,71.4,405957,59030,76312,65712,-6682,92324,-16012,25238,4.6
5001600US0645,"Congressional District 45 (116th Congress), California",490112,244393,245719,39.3,6268,490112,61.9,14625,1.8,2268,0.3,207570,26.2,143940,18.2,537433,115427,145091,65712,49715,92324,52767,13605,2.1
5001600US0646,"Congressional District 46 (116th Congress), California",372328,189659,182669,33.8,5399,372328,50.7,15111,2.1,4381,0.6,101456,13.8,491852,67,419462,71800,91091,65712,6088,92324,-1233,16922,2.9
5001600US0647,"Congressional District 47 (116th Congress), California",376564,189261,187303,38.2,6934,376564,52.5,49477,6.9,3101,0.4,168270,23.4,258354,36,483829,72493,97076,65712,6781,92324,4752,17597,3
5001600US0648,"Congressional District 48 (116th Congress), California",446054,218177,227877,41,5975,446054,62.1,9755,1.4,2995,0.4,140629,19.6,154254,21.5,513819,100604,141950,65712,34892,92324,49626,16714,2.8
5001600US0649,"Congressional District 49 (116th Congress), California",589795,290866,298929,39,6162,589795,80.6,16910,2.3,6450,0.9,50243,6.9,203281,27.8,519217,100037,141535,65712,34325,92324,49211,18877,3.2
5001600US0105,"Congressional District 5 (116th Congress), Alabama",552016,271292,280724,39.7,3076,552016,75,134999,18.3,4005,0.5,12180,1.7,40201,5.5,563216,59950,80182,65712,-5762,92324,-12142,15243,2.6
5001600US0405,"Congressional District 5 (116th Congress), Arizona",704936,345266,359670,39.3,6423,704936,82.9,33878,4,9390,1.1,45334,5.3,140987,16.6,601179,82540,106183,65712,16828,92324,13859,16325,2.5
5001600US0605,"Congressional District 5 (116th Congress), California",453790,222579,231211,41.5,5404,453790,62.5,48040,6.6,3710,0.5,84774,11.7,210119,28.9,520065,85856,112639,65712,20144,92324,20315,14504,2.4
5001600US0805,"Congressional District 5 (116th Congress), Colorado",663089,339356,323733,36.3,2993,663089,80.8,48944,6,7825,1,21211,2.6,137286,16.7,618627,71244,91125,65712,5532,92324,-1199,21597,3.3
5001600US0905,"Congressional District 5 (116th Congress), Connecticut",532184,261715,270469,41.9,5316,532184,75.5,56211,8,1675,0.2,29908,4.2,143115,20.3,519076,73616,104663,65712,7904,92324,12339,20383,3.5
5001600US1205,"Congressional District 5 (116th Congress), Florida",330808,166555,164253,34.7,4694,330808,44.5,349752,47.1,2849,0.4,17521,2.4,72108,9.7,553978,43667,57188,65712,-22045,92324,-35136,22756,3.8
5001600US1305,"Congressional District 5 (116th Congress), Georgia",274634,139186,135448,34,5805,274634,34.8,436884,55.4,2940,0.4,41058,5.2,53609,6.8,596247,60247,100204,65712,-5465,92324,7880,21021,3.3
5001600US1705,"Congressional District 5 (116th Congress), Illinois",586340,292265,294075,35.8,5820,586340,79.3,21894,3,2543,0.3,51678,7,161849,21.9,535070,94144,136410,65712,28432,92324,44086,12350,2
5001600US1805,"Congressional District 5 (116th Congress), Indiana",666915,325184,341731,38.3,4228,666915,84.3,68345,8.6,1736,0.2,30243,3.8,40290,5.1,585141,76417,109475,65712,10705,92324,17151,14986,2.4
5001600US2105,"Congressional District 5 (116th Congress), Kentucky",665179,328749,336430,41.3,3422,665179,96.4,8083,1.2,1068,0.2,3849,0.6,9705,1.4,534351,35636,54140,65712,-30076,92324,-38184,18947,3.4
5001600US2205,"Congressional District 5 (116th Congress), Louisiana",445163,221957,223206,38.3,3473,445163,60.6,258019,35.1,2197,0.3,5660,0.8,19978,2.7,554470,41257,60324,65712,-24455,92324,-32000,16834,2.9
5001600US2405,"Congressional District 5 (116th Congress), Maryland",354165,176179,177986,39.1,4623,354165,46.8,296382,39.2,2287,0.3,31283,4.1,78451,10.4,548323,101298,119088,65712,35586,92324,26764,17513,2.9
5001600US2505,"Congressional District 5 (116th Congress), Massachusetts",567113,276098,291015,38.2,5797,567113,73.8,43083,5.6,1361,0.2,102948,13.4,76799,10,529999,106311,144700,65712,40599,92324,52376,14047,2.2
5001600US2605,"Congressional District 5 (116th Congress), Michigan",518850,252150,266700,41.8,2672,518850,77.2,117430,17.5,3420,0.5,6469,1,34131,5.1,521742,47655,64492,65712,-18057,92324,-27832,23521,4.3
5001600US2705,"Congressional District 5 (116th Congress), Minnesota",487035,241839,245196,34.5,4217,487035,67.2,121205,16.7,5965,0.8,40703,5.6,71650,9.9,535070,68709,92071,65712,2997,92324,-253,17002,2.9
5001600US2905,"Congressional District 5 (116th Congress), Missouri",534414,262991,271423,37.5,3452,534414,68.7,165064,21.2,2745,0.4,13432,1.7,72855,9.4,579431,55239,72508,65712,-10473,92324,-19816,14693,2.4
5001600US3405,"Congressional District 5 (116th Congress), New Jersey",581149,283904,297245,43.9,5097,581149,79.1,40708,5.5,591,0.1,76790,10.5,106960,14.6,538231,110329,149752,65712,44617,92324,57428,13952,2.3
5001600US3605,"Congressional District 5 (116th Congress), New York",131438,65686,65752,39.7,4375,131438,17.3,373374,49.2,4955,0.7,114487,15.1,151796,20,495842,76150,98905,65712,10438,92324,6581,23919,3.9
5001600US3705,"Congressional District 5 (116th Congress), North Carolina",606473,295066,311407,40.9,2805,606473,79.3,112117,14.7,3845,0.5,11604,1.5,76787,10,583346,49376,69171,65712,-16336,92324,-23153,20244,3.2
5001600US3905,"Congressional District 5 (116th Congress), Ohio",657924,322824,335100,39.8,3392,657924,91.2,21680,3,1883,0.3,9754,1.4,43160,6,553726,63702,82189,65712,-2010,92324,-10135,14417,2.5
5001600US4005,"Congressional District 5 (116th Congress), Oklahoma",578384,285592,292792,35.3,2418,578384,70.1,109007,13.2,39251,4.8,27713,3.4,145599,17.6,572095,54928,81046,65712,-10784,92324,-11278,17972,2.8
5001600US4105,"Congressional District 5 (116th Congress), Oregon",707537,349661,357876,39.9,4114,707537,83.8,7420,0.9,10093,1.2,24836,2.9,149354,17.7,614474,68757,89673,65712,3045,92324,-2651,24027,3.5
5001600US4205,"Congressional District 5 (116th Congress), Pennsylvania",456095,222606,233489,38.6,4111,456095,63.3,185702,25.8,2047,0.3,50234,7,32240,4.5,525272,71880,106017,65712,6168,92324,13693,21645,3.8
5001600US4505,"Congressional District 5 (116th Congress), South Carolina",502928,243290,259638,40.1,2935,502928,68.1,193552,26.2,3465,0.5,12696,1.7,32546,4.4,553076,56282,77076,65712,-9430,92324,-15248,17331,2.9
5001600US4705,"Congressional District 5 (116th Congress), Tennessee",517223,252138,265085,35,2307,517223,66.5,189723,24.4,2161,0.3,26273,3.4,75682,9.7,564374,63295,90806,65712,-2417,92324,-1518,17135,2.7
5001600US4805,"Congressional District 5 (116th Congress), Texas",572437,286281,286156,36.4,4558,572437,75.3,114347,15.1,4156,0.5,21421,2.8,228468,30.1,495961,57026,75827,65712,-8686,92324,-16497,15117,2.5
5001600US5105,"Congressional District 5 (116th Congress), Virginia",551428,268389,283039,43.2,2968,551428,74.9,142961,19.4,2632,0.4,12761,1.7,27849,3.8,579655,57615,81405,65712,-8097,92324,-10919,14177,2.3
5001600US5305,"Congressional District 5 (116th Congress), Washington",641200,317846,323354,38.2,3028,641200,87.3,12783,1.7,12499,1.7,18104,2.5,50208,6.8,562834,57837,78649,65712,-7875,92324,-13675,21230,3.6
5001600US5505,"Congressional District 5 (116th Congress), Wisconsin",663623,326445,337178,42.5,4340,663623,90.5,17884,2.4,2155,0.3,22476,3.1,47945,6.5,570227,77386,100785,65712,11674,92324,8461,13107,2.2
5001600US0650,"Congressional District 50 (116th Congress), California",597572,300635,296937,37.6,6849,597572,78.8,20233,2.7,7506,1,45048,5.9,244196,32.2,524595,78346,101442,65712,12634,92324,9118,16064,2.7
5001600US0651,"Congressional District 51 (116th Congress), California",507815,258784,249031,33.7,4563,507815,68.5,49143,6.6,7247,1,56833,7.7,527951,71.3,443525,52471,68571,65712,-13241,92324,-23753,34023,5.9
5001600US0652,"Congressional District 52 (116th Congress), California",509171,263375,245796,36.8,6655,509171,66.4,23077,3,2454,0.3,158919,20.7,110296,14.4,560713,106524,138669,65712,40812,92324,46345,14966,2.4
5001600US0653,"Congressional District 53 (116th Congress), California",490429,241833,248596,35.8,5492,490429,62.7,63298,8.1,4831,0.6,118389,15.1,264242,33.8,564095,82083,105290,65712,16371,92324,12966,25962,4
5001600US0106,"Congressional District 6 (116th Congress), Alabama",549842,267634,282208,39.9,3821,549842,78.6,111688,16,2721,0.4,11070,1.6,35562,5.1,527401,69072,96777,65712,3360,92324,4453,11571,2.1
5001600US0406,"Congressional District 6 (116th Congress), Arizona",673502,332860,340642,43.2,6842,673502,82.6,24601,3,15165,1.9,46309,5.7,145918,17.9,603700,76615,114024,65712,10903,92324,21700,14938,2.2
5001600US0606,"Congressional District 6 (116th Congress), California",387825,192546,195279,33.9,5258,387825,49.6,92358,11.8,5602,0.7,118604,15.2,234022,29.9,519617,64687,85173,65712,-1025,92324,-7151,22511,3.7
5001600US0806,"Congressional District 6 (116th Congress), Colorado",605860,303113,302747,36.7,4237,605860,73.2,80789,9.8,5813,0.7,52237,6.3,173992,21,569294,87312,113012,65712,21600,92324,20688,17213,2.6
5001600US1206,"Congressional District 6 (116th Congress), Florida",629851,305740,324111,48.2,4349,629851,79.7,85968,10.9,1529,0.2,14875,1.9,105691,13.4,630741,55281,73026,65712,-10431,92324,-19298,13468,2
5001600US1306,"Congressional District 6 (116th Congress), Georgia",495449,244542,250907,39.2,5099,495449,66.7,102402,13.8,10128,1.4,87020,11.7,90601,12.2,502565,100110,138057,65712,34398,92324,45733,16148,2.7
5001600US1706,"Congressional District 6 (116th Congress), Illinois",583032,286871,296161,42.1,6464,583032,82,15262,2.1,1550,0.2,67341,9.5,82932,11.7,517458,105292,139434,65712,39580,92324,47110,12184,2.1
5001600US1806,"Congressional District 6 (116th Congress), Indiana",666820,329247,337573,40.5,2958,666820,92.6,14879,2.1,2059,0.3,11951,1.7,22259,3.1,553631,55959,72193,65712,-9753,92324,-20131,13882,2.4
5001600US2106,"Congressional District 6 (116th Congress), Kentucky",654987,318532,336455,37.2,3979,654987,83.9,69199,8.9,1531,0.2,15761,2,38432,4.9,582777,55613,76663,65712,-10099,92324,-15661,18762,3
5001600US2206,"Congressional District 6 (116th Congress), Louisiana",550441,271324,279117,35.7,4939,550441,68.5,202551,25.2,3595,0.4,18232,2.3,41501,5.2,592809,65549,86659,65712,-163,92324,-5665,17560,2.7
5001600US2406,"Congressional District 6 (116th Congress), Maryland",510251,247338,262913,39.6,4614,510251,66.3,109661,14.3,2378,0.3,90556,11.8,100711,13.1,534386,88592,116763,65712,22880,92324,24439,16351,2.7
5001600US2506,"Congressional District 6 (116th Congress), Massachusetts",654348,309986,344362,43,5537,654348,84.9,31328,4.1,1520,0.2,34427,4.5,80627,10.5,571911,97115,127361,65712,31403,92324,35037,15291,2.4
5001600US2606,"Congressional District 6 (116th Congress), Michigan",612051,301319,310732,39.1,2376,612051,84.8,61209,8.5,3021,0.4,10669,1.5,47106,6.5,542562,56520,75659,65712,-9192,92324,-16665,15740,2.7
5001600US2706,"Congressional District 6 (116th Congress), Minnesota",647996,326517,321479,37.3,3420,647996,88.9,30110,4.1,3080,0.4,18974,2.6,24837,3.4,533104,84159,102825,65712,18447,92324,10501,12463,2.2
5001600US2906,"Congressional District 6 (116th Congress), Missouri",693307,338678,354629,39.3,3106,693307,89.2,35330,4.5,2986,0.4,10749,1.4,32999,4.2,586958,62094,79547,65712,-3618,92324,-12777,12473,2
5001600US3406,"Congressional District 6 (116th Congress), New Jersey",451276,222881,228395,37.7,4874,451276,61,80117,10.8,688,0.1,136619,18.5,165864,22.4,502050,91654,116531,65712,25942,92324,24207,15355,2.6
5001600US3606,"Congressional District 6 (116th Congress), New York",295148,143567,151581,42,5441,295148,41.3,38428,5.4,2983,0.4,288295,40.4,141832,19.9,434571,70529,94954,65712,4817,92324,2630,13643,2.3
5001600US3706,"Congressional District 6 (116th Congress), North Carolina",561103,270793,290310,41.5,4710,561103,70.9,157325,19.9,5059,0.6,13229,1.7,83394,10.5,581560,54132,73547,65712,-11580,92324,-18777,15994,2.5
5001600US3906,"Congressional District 6 (116th Congress), Ohio",664685,327222,337463,43.5,4145,664685,95.2,14966,2.1,340,0,3323,0.5,8501,1.2,549999,52442,67254,65712,-13270,92324,-25070,15199,2.7
5001600US4206,"Congressional District 6 (116th Congress), Pennsylvania",573777,281199,292578,39.3,3126,573777,78,51568,7,1561,0.2,34299,4.7,118163,16.1,533141,85665,125773,65712,19953,92324,33449,15765,2.7
5001600US4506,"Congressional District 6 (116th Congress), South Carolina",253612,130045,123567,36.9,4854,253612,38.1,361328,54.3,1312,0.2,8148,1.2,40198,6,510628,41128,57268,65712,-24584,92324,-35056,20204,3.7
5001600US4706,"Congressional District 6 (116th Congress), Tennessee",714233,350931,363302,40.9,3071,714233,89.4,41699,5.2,2832,0.4,9091,1.1,36804,4.6,608091,59421,78222,65712,-6291,92324,-14102,13437,2.1
5001600US4806,"Congressional District 6 (116th Congress), Texas",524922,258501,266421,35.2,4922,524922,64.1,172311,21.1,2214,0.3,39284,4.8,208099,25.4,554164,71161,89634,65712,5449,92324,-2690,19997,3.2
5001600US5106,"Congressional District 6 (116th Congress), Virginia",620342,301057,319285,39.7,3704,620342,82.2,90140,11.9,2033,0.3,11315,1.5,42512,5.6,585724,59939,76740,65712,-5773,92324,-15584,12427,2
5001600US5306,"Congressional District 6 (116th Congress), Washington",587323,292945,294378,41.9,4085,587323,80.8,29054,4,15200,2.1,27394,3.8,58095,8,567917,72169,91106,65712,6457,92324,-1218,17033,2.8
5001600US5506,"Congressional District 6 (116th Congress), Wisconsin",655759,326168,329591,42,2386,655759,91.6,14016,2,3908,0.5,18607,2.6,34668,4.8,553146,63251,82274,65712,-2461,92324,-10050,9662,1.7
5001600US0107,"Congressional District 7 (116th Congress), Alabama",229156,110088,119068,36.8,3904,229156,34.2,419256,62.6,1662,0.2,7766,1.2,24900,3.7,513517,38023,53378,65712,-27689,92324,-38946,20067,3.7
5001600US0407,"Congressional District 7 (116th Congress), Arizona",622724,316241,306483,30.6,5262,622724,72.9,84627,9.9,21738,2.5,21031,2.5,546780,64,472749,49066,62036,65712,-16646,92324,-30288,22664,3.6
5001600US0607,"Congressional District 7 (116th Congress), California",457105,221211,235894,39.1,4655,457105,60.4,54756,7.2,4656,0.6,134309,17.8,131791,17.4,537108,77786,101893,65712,12074,92324,9569,20973,3.4
5001600US0807,"Congressional District 7 (116th Congress), Colorado",690151,345850,344301,36.3,4209,690151,85.4,14469,1.8,7662,0.9,28376,3.5,240323,29.7,591395,77164,99332,65712,11452,92324,7008,17356,2.7
5001600US1207,"Congressional District 7 (116th Congress), Florida",602360,293111,309249,36.9,5069,602360,73.9,94528,11.6,3164,0.4,41633,5.1,218001,26.7,609432,66748,92623,65712,1036,92324,299,17197,2.6
5001600US1307,"Congressional District 7 (116th Congress), Georgia",433565,212773,220792,36.2,4866,433565,51.3,181314,21.5,4582,0.5,133582,15.8,170499,20.2,501852,80926,105897,65712,15214,92324,13573,13186,2
5001600US1707,"Congressional District 7 (116th Congress), Illinois",287759,144599,143160,35.1,6637,287759,39.5,308948,42.5,1228,0.2,56794,7.8,125615,17.3,527605,64312,110288,65712,-1400,92324,17964,27171,4.5
5001600US1807,"Congressional District 7 (116th Congress), Indiana",449793,221031,228762,33.9,3149,449793,57.9,238968,30.7,2646,0.3,32615,4.2,89477,11.5,531047,46118,61395,65712,-19594,92324,-30929,24526,4.1
5001600US2407,"Congressional District 7 (116th Congress), Maryland",255721,129061,126660,39.2,5085,255721,35.7,376343,52.5,3443,0.5,54018,7.5,28944,4,539189,63082,97546,65712,-2630,92324,5222,22597,3.8
5001600US2507,"Congressional District 7 (116th Congress), Massachusetts",405025,201815,203210,32.3,4112,405025,49.5,208307,25.4,2641,0.3,87777,10.7,183075,22.4,555533,75461,109041,65712,9749,92324,16717,23081,3.3
5001600US2607,"Congressional District 7 (116th Congress), Michigan",645163,320127,325036,42.2,3053,645163,90.9,28724,4,3220,0.5,8589,1.2,31998,4.5,550964,61379,81274,65712,-4333,92324,-11050,14240,2.5
5001600US2707,"Congressional District 7 (116th Congress), Minnesota",603675,301908,301767,40.5,2106,603675,90.4,11006,1.6,22124,3.3,6477,1,34594,5.2,501373,60932,76810,65712,-4780,92324,-15514,11108,2.1
5001600US2907,"Congressional District 7 (116th Congress), Missouri",717901,350080,367821,38.2,3073,717901,91.1,14714,1.9,7041,0.9,11366,1.4,42898,5.4,594430,47679,65309,65712,-18033,92324,-27015,14359,2.3
5001600US3407,"Congressional District 7 (116th Congress), New Jersey",549923,270031,279892,43,5831,549923,74.9,36502,5,1640,0.2,86789,11.8,105066,14.3,520886,115585,162237,65712,49873,92324,69913,18611,3.1
5001600US3607,"Congressional District 7 (116th Congress), New York",338843,168600,170243,34.9,5562,338843,48.5,81657,11.7,3959,0.6,127614,18.3,273010,39.1,443176,66891,103540,65712,1179,92324,11216,17679,3.1
5001600US3707,"Congressional District 7 (116th Congress), North Carolina",608631,294337,314294,42.3,3329,608631,74.6,146207,17.9,7093,0.9,7144,0.9,79568,9.7,621515,53066,73155,65712,-12646,92324,-19169,15121,2.3
5001600US3907,"Congressional District 7 (116th Congress), Ohio",669556,331750,337806,41.4,4488,669556,92.1,30350,4.2,1335,0.2,4984,0.7,21349,2.9,553091,57897,72075,65712,-7815,92324,-20249,12636,2.2
5001600US4207,"Congressional District 7 (116th Congress), Pennsylvania",600026,294243,305783,40.6,3290,600026,82,55036,7.5,1367,0.2,21874,3,149773,20.5,550950,69105,89627,65712,3393,92324,-2697,16618,2.8
5001600US4507,"Congressional District 7 (116th Congress), South Carolina",500058,240911,259147,44.6,3557,500058,67.5,205540,27.8,3784,0.5,8091,1.1,31239,4.2,575255,49494,66621,65712,-16218,92324,-25703,17132,2.8
5001600US4707,"Congressional District 7 (116th Congress), Tennessee",667562,329918,337644,38.2,2968,667562,83.4,77827,9.7,2609,0.3,16644,2.1,43338,5.4,590210,62720,90869,65712,-2992,92324,-1455,16006,2.5
5001600US4807,"Congressional District 7 (116th Congress), Texas",457317,224773,232544,35.6,5701,457317,60,117962,15.5,5399,0.7,92556,12.1,230881,30.3,466858,73730,124501,65712,8018,92324,32177,17771,3
5001600US5107,"Congressional District 7 (116th Congress), Virginia",554096,269924,284172,39.8,3882,554096,69,144789,18,1580,0.2,43682,5.4,63838,8,579534,81364,105275,65712,15652,92324,12951,16243,2.5
5001600US5307,"Congressional District 7 (116th Congress), Washington",569986,285511,284475,35.8,5154,569986,69.7,41038,5,4471,0.5,119852,14.7,66032,8.1,609219,100991,137464,65712,35279,92324,45140,18023,2.6
5001600US5507,"Congressional District 7 (116th Congress), Wisconsin",665940,333833,332107,45,2495,665940,93.2,5745,0.8,14804,2.1,11811,1.7,18421,2.6,556088,60706,76858,65712,-5006,92324,-15466,10681,1.8
5001600US0408,"Congressional District 8 (116th Congress), Arizona",661387,318982,342405,42.9,7535,661387,82.8,40530,5.1,10491,1.3,30104,3.8,172609,21.6,595539,73632,88749,65712,7920,92324,-3575,16762,2.6
5001600US0608,"Congressional District 8 (116th Congress), California",534310,270759,263551,33.4,5845,534310,73.9,61499,8.5,10955,1.5,17192,2.4,324103,44.8,473737,56140,73035,65712,-9572,92324,-19289,24499,4.5
5001600US1208,"Congressional District 8 (116th Congress), Florida",645766,317842,327924,48.3,3488,645766,82.8,70312,9,1830,0.2,17410,2.2,92112,11.8,615259,58740,80852,65712,-6972,92324,-11472,19607,3
5001600US1308,"Congressional District 8 (116th Congress), Georgia",433426,215047,218379,37.6,3372,433426,61.4,221519,31.4,5031,0.7,11859,1.7,48767,6.9,522995,50745,69338,65712,-14967,92324,-22986,17392,3.1
5001600US1708,"Congressional District 8 (116th Congress), Illinois",467007,232099,234908,37.3,6135,467007,65.1,46169,6.4,1788,0.2,97141,13.5,200876,28,456651,77991,94385,65712,12279,92324,2061,15031,2.7
5001600US1808,"Congressional District 8 (116th Congress), Indiana",653565,324647,328918,40.3,2883,653565,91.2,32611,4.5,1031,0.1,7923,1.1,19613,2.7,547306,54326,72249,65712,-11386,92324,-20075,17367,3
5001600US2408,"Congressional District 8 (116th Congress), Maryland",493234,243144,250090,40.5,4246,493234,63.5,98596,12.7,2095,0.3,73758,9.5,137626,17.7,522028,109016,148996,65712,43304,92324,56672,17071,2.7
5001600US2508,"Congressional District 8 (116th Congress), Massachusetts",571726,276698,295028,40.1,6082,571726,74.7,87191,11.4,2050,0.3,63219,8.3,46832,6.1,573152,100690,128197,65712,34978,92324,35873,15632,2.4
5001600US2608,"Congressional District 8 (116th Congress), Michigan",630546,306762,323784,39,3961,630546,85.1,45067,6.1,2826,0.4,38144,5.1,38636,5.2,562613,74841,99461,65712,9129,92324,7137,17858,2.9
5001600US2708,"Congressional District 8 (116th Congress), Minnesota",621243,312745,308498,43.5,1943,621243,92.5,7279,1.1,15691,2.3,5700,0.8,12495,1.9,527314,61659,76163,65712,-4053,92324,-16161,12519,2.3
5001600US2908,"Congressional District 8 (116th Congress), Missouri",677313,334401,342912,40.7,3258,677313,92,35309,4.8,2359,0.3,6544,0.9,14314,1.9,566910,45656,60291,65712,-20056,92324,-32033,15544,2.6
5001600US3408,"Congressional District 8 (116th Congress), New Jersey",442827,221849,220978,35.1,4649,442827,57.8,81979,10.7,4117,0.5,75434,9.8,424742,55.4,420965,65658,99122,65712,-54,92324,6798,16248,2.7
5001600US3608,"Congressional District 8 (116th Congress), New York",245758,117984,127774,36.4,5964,245758,31.6,403080,51.9,1588,0.2,47331,6.1,132766,17.1,545882,59806,88379,65712,-5906,92324,-3945,18047,2.9
5001600US3708,"Congressional District 8 (116th Congress), North Carolina",526577,263689,262888,35.8,3692,526577,64.6,187535,23,9838,1.2,23353,2.9,89408,11,591696,54507,73753,65712,-11205,92324,-18571,18392,2.9
5001600US3908,"Congressional District 8 (116th Congress), Ohio",642366,314523,327843,39,2793,642366,87.5,49886,6.8,1088,0.1,17414,2.4,27497,3.7,547822,62845,81033,65712,-2867,92324,-11291,15827,2.7
5001600US4208,"Congressional District 8 (116th Congress), Pennsylvania",589106,288163,300943,43,3639,589106,84.3,55307,7.9,1930,0.3,13235,1.9,88622,12.7,543310,56149,72782,65712,-9563,92324,-19542,16438,2.8
5001600US4708,"Congressional District 8 (116th Congress), Tennessee",518912,254361,264551,41.2,3983,518912,73,156260,22,2249,0.3,12047,1.7,21837,3.1,536275,60152,88011,65712,-5560,92324,-4313,12537,2.2
5001600US4808,"Congressional District 8 (116th Congress), Texas",743993,377447,366546,37.9,5789,743993,83,75317,8.4,2954,0.3,26790,3,217151,24.2,600690,78615,109723,65712,12903,92324,17399,15427,2.2
5001600US5108,"Congressional District 8 (116th Congress), Virginia",511900,252881,259019,36.5,4520,511900,62.9,114695,14.1,2268,0.3,99313,12.2,150802,18.5,535969,111627,149429,65712,45915,92324,57105,14815,2.3
5001600US5308,"Congressional District 8 (116th Congress), Washington",557905,282052,275853,38.3,5725,557905,72.4,23662,3.1,9462,1.2,73610,9.6,92771,12,524468,95968,121858,65712,30256,92324,29534,15372,2.6
5001600US5508,"Congressional District 8 (116th Congress), Wisconsin",655069,326866,328203,40.8,2337,655069,89,12180,1.7,19406,2.6,18059,2.5,41299,5.6,560199,65346,80874,65712,-366,92324,-11450,11605,2
5001600US0409,"Congressional District 9 (116th Congress), Arizona",615343,308474,306869,33.3,6188,615343,75.1,57590,7,29792,3.6,43328,5.3,218122,26.6,584808,65379,89861,65712,-333,92324,-2463,21367,3.2
5001600US0609,"Congressional District 9 (116th Congress), California",416134,209032,207102,35.7,5240,416134,53,74791,9.5,5361,0.7,127566,16.3,301460,38.4,506465,72237,97819,65712,6525,92324,5495,21960,3.6
5001600US1209,"Congressional District 9 (116th Congress), Florida",689400,337982,351418,38,7494,689400,74,121885,13.1,3650,0.4,28148,3,410313,44,641755,54878,70959,65712,-10834,92324,-21365,18303,2.5
5001600US1309,"Congressional District 9 (116th Congress), Georgia",674346,329619,344727,41.3,3603,674346,87.4,50058,6.5,1190,0.2,10886,1.4,103637,13.4,567736,59728,80198,65712,-5984,92324,-12126,13022,2.1
5001600US1709,"Congressional District 9 (116th Congress), Illinois",491930,242485,249445,40.3,6459,491930,68.4,68298,9.5,1680,0.2,106057,14.7,80528,11.2,505966,78569,118334,65712,12857,92324,26010,13625,2.3
5001600US1809,"Congressional District 9 (116th Congress), Indiana",694589,341897,352692,38.4,3188,694589,90.7,23240,3,1476,0.2,20995,2.7,27431,3.6,586412,60448,78695,65712,-5264,92324,-13629,13213,2.1
5001600US2509,"Congressional District 9 (116th Congress), Massachusetts",657251,311440,345811,45.5,4219,657251,87.9,27319,3.7,3527,0.5,11169,1.5,44690,6,579757,77167,103942,65712,11455,92324,11618,15266,2.5
5001600US2609,"Congressional District 9 (116th Congress), Michigan",549812,270903,278909,39.9,4627,549812,76.6,99489,13.9,3694,0.5,38502,5.4,18524,2.6,556032,62943,83311,65712,-2769,92324,-9013,17710,3
5001600US3409,"Congressional District 9 (116th Congress), New Jersey",478125,236179,241946,38.9,5115,478125,62.7,68199,8.9,1756,0.2,104194,13.7,305882,40.1,476041,81431,109304,65712,15719,92324,16980,16273,2.7
5001600US3609,"Congressional District 9 (116th Congress), New York",260531,124399,136132,37.2,5711,260531,36.2,336566,46.7,2229,0.3,52578,7.3,87412,12.1,481363,69754,101158,65712,4042,92324,8834,17202,3
5001600US3709,"Congressional District 9 (116th Congress), North Carolina",512665,249818,262847,39.6,4009,512665,64.4,156118,19.6,60906,7.6,23165,2.9,60578,7.6,574114,66208,100959,65712,496,92324,8635,16242,2.6
5001600US3909,"Congressional District 9 (116th Congress), Ohio",519976,251142,268834,37.5,5564,519976,74.5,110801,15.9,2933,0.4,14451,2.1,75942,10.9,520939,45076,62715,65712,-20636,92324,-29609,21623,3.9
5001600US4209,"Congressional District 9 (116th Congress), Pennsylvania",645419,318344,327075,44.2,3370,645419,92.2,18314,2.6,2145,0.3,8747,1.2,49828,7.1,556670,62078,77914,65712,-3634,92324,-14410,12828,2.2
5001600US4709,"Congressional District 9 (116th Congress), Tennessee",193035,95257,97778,34.1,3627,193035,27.6,455867,65.1,889,0.1,16884,2.4,56518,8.1,502286,43708,61059,65712,-22004,92324,-31265,26381,4.8
5001600US4809,"Congressional District 9 (116th Congress), Texas",265600,130781,134819,34.4,7292,265600,34.5,300202,39,2390,0.3,93276,12.1,292614,38,434566,49147,64526,65712,-16565,92324,-27798,24700,4.1
5001600US5109,"Congressional District 9 (116th Congress), Virginia",638988,316450,322538,43.7,3766,638988,90.8,38995,5.5,1714,0.2,10633,1.5,19557,2.8,567777,46909,62573,65712,-18803,92324,-29751,13895,2.4
5001600US5309,"Congressional District 9 (116th Congress), Washington",369451,187680,181771,36.3,5862,369451,49.2,90056,12,5469,0.7,179828,23.9,97137,12.9,481044,90353,125607,65712,24641,92324,33283,16989,2.8
5001600US1198,"Delegate District (at Large) (116th Congress), District of Columbia",300058,150048,150010,34.3,2345,300058,42.5,320704,45.4,1886,0.3,28722,4.1,79477,11.3,536768,92266,135369,65712,26554,92324,43045,25916,4.4
5001600US7298,"Resident Commissioner District (at Large) (116th Congress), Puerto Rico",2054764,968045,1086719,43.1,4921,2054764,64.3,395439,12.4,3082,0.1,6573,0.2,3134759,98.2,2579596,20474,33055,65712,-45238,92324,-59269,171370,6.3