Bioguide_ID,Name,Party,Born,Number_of_House_Terms,District,Presidential_VoteShare_Dem2016,DW-Nominate_1,DW-Nominate_2,TBIP_Floor_Speeches,Present_Cong115,Progressive_Caucus_Cong115,NewDems_Caucus_Cong115,BlueDog_Caucus_Cong115,ProblemSolvers_Caucus_Cong115,RSC_Caucus_Cong115,Freedom_Caucus_Cong115,GOP_Leadership_Cong115,DEM_Leadership_Cong115,CommitteeChair_Cong115,TopCommittee_Cong115,Present_Cong116,Progressive_Caucus_Cong116,NewDems_Caucus_Cong116,BlueDog_Caucus_Cong116,ProblemSolvers_Caucus_Cong116,RSC_Caucus_Cong116,Freedom_Caucus_Cong116,GOP_Leadership_Cong116,DEM_Leadership_Cong116,CommitteeChair_Cong116,TopCommittee_Cong116
M001201,Paul Mitchell (politician),Independent,1961,2,MI-10,31.6,0.432,0.302,0.30832276,1,0,0,0,0,1,0,0,0,0,0,1,0,0,0,0,1,0,0,0,0,0
B001250,Rob Bishop,Republican,1951,9,UT-01,22.4,0.536,0.099,0.2701606,1,0,0,0,0,1,0,1,0,1,0,1,0,0,0,0,1,0,1,0,1,0
Y000033,Don Young,Republican,1933,24,AK-AL,37.6,0.284,0.023,0.16626972,1,0,0,0,0,0,0,0,0,0,0,1,0,0,0,0,0,0,0,0,0,0
G000551,Raul M. Grijalva,Democrat,1948,9,AZ-03,62.4,-0.599,-0.252,-0.067708895,1,1,0,0,0,0,0,0,1,1,0,1,1,0,0,0,0,0,0,1,1,0
W000821,Bruce Westerman,Republican,1967,3,AR-04,31.3,0.547,0.36,0.48307502,1,0,0,0,0,1,0,0,0,0,0,1,0,0,0,0,1,0,0,0,0,0
G000565,Paul Gosar,Republican,1958,5,AZ-04,27.5,0.671,-0.407,0.28504804,1,0,0,0,0,1,1,0,0,0,0,1,0,0,0,0,1,1,0,0,0,0
M001177,Tom McClintock,Republican,1956,6,CA-04,39.3,0.721,-0.48,0.2517504,1,0,0,0,0,1,0,0,0,0,0,1,0,0,0,0,1,0,0,0,0,0
D000610,Theodore E. Deutch,Democrat,1966,6,FL-22,56.8,-0.401,-0.102,-0.25947228,1,0,0,0,0,0,0,0,1,1,0,1,0,0,0,0,0,0,0,1,1,0
T000465,Niki Tsongas,Democrat,1946,6,MA-03,58.2,-0.396,-0.199,0.04140383,1,0,0,0,0,0,0,0,0,0,0,0,0,0,0,0,0,0,0,0,0,0
M001157,Michael McCaul,Republican,1962,8,TX-10,43.2,0.439,0.089,-0.02406457,1,0,0,0,0,1,0,1,0,1,0,1,0,0,0,0,1,0,1,0,1,0
T000193,Bennie Thompson,Democrat,1948,14,MS-02,63.6,-0.515,0.399,-0.25458118,1,1,0,0,0,0,0,0,1,1,0,1,1,0,0,0,0,0,0,1,1,0
S001154,Bill Shuster,Republican,1961,9,PA-09,31.0,0.374,0.323,0.16560149,1,0,0,0,0,0,0,1,0,1,0,0,0,0,0,0,0,0,0,0,0,0
D000627,Val Demings,Democrat,1957,2,FL-10,61.8,-0.339,-0.159,-0.29073748,1,1,1,0,0,0,0,0,1,0,0,1,0,1,0,0,0,0,0,0,0,0
G000289,Bob Goodlatte,Republican,1952,13,VA-06,34.9,0.496,-0.002,0.23367204,1,0,0,0,0,1,0,1,0,1,0,0,0,0,0,0,0,0,0,0,0,0
B001300,Nanette Barragán,Democrat,1976,2,CA-44,83.0,-0.514,0.09,-0.33662117,1,1,0,0,0,0,0,0,0,0,0,1,1,0,0,0,0,0,0,0,0,0
D000625,Daniel Donovan (New York),Republican,1956,2,NY-11,43.8,0.227,0.095,-0.08341417,1,0,0,0,0,0,0,0,0,0,0,0,0,0,0,0,0,0,0,0,0,0
J000032,Sheila Jackson Lee,Democrat,1950,13,TX-18,76.5,-0.46,0.129,-0.22319472,1,0,0,0,0,0,0,0,0,0,0,1,1,0,0,0,0,0,0,0,0,0
H001048,Duncan Hunter,Republican,1976,6,CA-50,39.6,0.538,0.091,0.124622874,1,0,0,0,0,1,0,0,0,0,0,1,0,0,0,0,0,0,0,0,0,0
G000579,Michael Gallagher (Wisconsin),Republican,1984,2,WI-08,38.6,0.441,-0.039,0.059387784,1,0,0,0,1,1,0,0,0,0,0,1,0,0,0,1,1,0,0,0,0,0
K000386,John Katko,Republican,1962,3,NY-24,48.9,0.204,-0.01,-0.07003897,1,0,0,0,1,0,0,0,0,0,0,1,0,0,0,1,0,0,0,0,0,0
H001077,Clay Higgins,Republican,1961,2,LA-03,29.2,0.564,-0.083,0.2041713,1,0,0,0,0,0,0,0,0,0,0,1,0,0,0,0,1,0,0,0,0,0
E000298,Ron Estes (U.S. House representative),Republican,1956,2,KS-04,33.0,0.597,0.092,0.31268522,1,0,0,0,1,1,0,0,0,0,0,1,0,0,0,0,1,0,0,0,0,0
G000580,Tom Garrett (Virginia politician),Republican,1972,1,VA-05,42.3,0.931,-0.365,0.27711603,1,0,0,0,0,1,1,0,0,0,0,0,0,0,0,0,0,0,0,0,0,0
C001068,Steve Cohen,Democrat,1949,7,TN-09,77.5,-0.4,-0.354,-0.10558615,1,1,0,0,0,0,0,0,0,0,0,1,1,0,0,0,0,0,0,0,0,0
P000593,Ed Perlmutter,Democrat,1953,7,CO-07,51.4,-0.281,0.076,-0.0020303782,1,0,1,0,0,0,0,0,0,0,0,1,0,1,0,0,0,0,0,0,0,1
M001195,Alexander Mooney,Republican,1971,3,WV-02,29.4,0.578,-0.294,0.20695917,1,0,0,0,0,1,0,0,0,0,0,1,0,0,0,0,1,1,0,0,0,0
L000567,Leonard Lance,Republican,1952,5,NJ-07,48.6,0.329,-0.237,0.20856808,1,0,0,0,0,0,0,0,0,0,0,0,0,0,0,0,0,0,0,0,0,0
R000435,Ileana Ros-Lehtinen,Republican,1952,15,FL-27,58.5,0.244,-0.225,-0.16743532,1,0,0,0,0,0,0,0,0,0,0,0,0,0,0,0,0,0,0,0,0,0
M001165,Kevin McCarthy (California),Republican,1965,7,CA-23,36.1,0.458,0.208,0.29621732,1,0,0,0,0,0,0,1,0,0,0,1,0,0,0,0,0,0,1,0,0,0
H000874,Steny Hoyer,Democrat,1939,20,MD-05,64.1,-0.38,0.116,-0.2791708,1,0,0,0,0,0,0,0,1,0,0,1,0,0,0,0,0,0,0,1,0,0
B001302,Andy Biggs,Republican,1958,2,AZ-05,36.5,0.878,-0.479,0.31379327,1,0,0,0,0,1,1,0,0,0,0,1,0,0,0,0,1,1,0,0,0,0
R000580,Peter Roskam,Republican,1961,6,IL-06,50.2,0.429,0.018,0.26114494,1,0,0,0,0,0,0,0,0,0,0,0,0,0,0,0,0,0,0,0,0,0
B001251,G.K. Butterfield,Democrat,1947,9,NC-01,54.7,-0.404,0.18,-0.062042072,1,0,0,0,0,0,0,0,0,0,0,1,0,0,0,0,0,0,0,0,0,0
P000613,Jimmy Panetta,Democrat,1969,2,CA-20,70.4,-0.303,0.041,-0.06552495,1,0,0,0,0,0,0,0,0,0,0,1,1,0,0,1,0,0,0,0,0,0
G000552,Louie Gohmert,Republican,1953,8,TX-01,25.3,0.622,-0.329,0.44480324,1,0,0,0,0,1,1,0,0,0,0,1,0,0,0,0,0,1,0,0,0,0
D000621,Ron DeSantis,Republican,1978,3,FL-06,39.9,0.663,-0.105,0.13460086,1,0,0,0,0,1,1,0,0,0,0,0,0,0,0,0,0,0,0,0,0,0
S001190,Brad Schneider,Democrat,1961,3,IL-10,62.0,-0.168,-0.21,-0.23273022,1,0,1,1,0,0,0,0,0,0,0,1,0,1,1,0,0,0,0,0,0,0
N000189,Dan Newhouse,Republican,1955,3,WA-04,35.1,0.351,0.218,0.2943941,1,0,0,0,0,1,0,0,0,0,1,1,0,0,0,0,1,0,0,0,0,1
J000298,Pramila Jayapal,Democrat,1965,2,WA-07,82.1,-0.691,-0.211,-0.39701566,1,1,0,0,0,0,0,0,0,0,0,1,1,0,0,0,0,0,0,0,0,0
G000571,Tulsi Gabbard,Democrat,1981,4,HI-02,61.4,-0.279,-0.25,-0.20080878,1,0,0,0,1,0,0,0,0,0,0,1,1,0,0,1,0,0,0,0,0,0
F000466,Brian Fitzpatrick,Republican,1973,2,PA-01,49.1,0.182,-0.2,0.5734424,1,0,0,0,0,0,0,0,0,0,0,1,0,0,0,0,0,0,0,0,0,0
S001200,Darren Soto,Democrat,1978,2,FL-09,54.8,-0.381,0.117,-0.20090029,1,1,1,0,0,0,0,0,0,0,0,1,1,1,0,1,0,0,0,0,0,0
C000266,Steve Chabot,Republican,1953,12,OH-01,44.6,0.575,-0.223,0.0626156,1,0,0,0,0,0,0,1,0,1,0,1,0,0,0,0,1,0,1,0,1,0
C001093,Doug Collins,Republican,1966,4,GA-09,19.3,0.616,0.108,0.24100682,1,0,0,0,0,1,0,1,0,1,1,1,0,0,0,0,0,0,0,0,1,0
V000081,Nydia Velazquez,Democrat,1953,14,NY-07,86.9,-0.547,-0.336,-0.1760069,1,1,0,0,0,0,0,0,1,1,0,1,1,0,0,0,0,0,0,1,1,0
R000608,Jacky Rosen,Democrat,1957,1,NV-03,46.5,-0.27,0.268,0.0057953163,1,0,0,0,1,0,0,0,0,0,0,0,0,0,0,0,0,0,0,0,0,0
F000464,John Faso,Republican,1952,1,NY-19,44.0,0.234,-0.008,0.18733732,1,0,0,0,0,0,0,0,0,0,0,0,0,0,0,0,0,0,0,0,0,0
R000599,Raul Ruiz,Democrat,1972,4,CA-36,52.2,-0.241,0.061,-0.28549525,1,0,0,0,1,0,0,0,0,0,0,1,0,1,0,1,0,0,0,0,0,0
G000559,John Garamendi,Democrat,1945,6,CA-03,53.0,-0.308,-0.097,-0.12611203,1,0,0,0,0,0,0,0,0,0,0,1,0,0,0,0,0,0,0,0,0,0
B001284,Susan Brooks,Republican,1960,4,IN-05,41.3,0.362,0.222,0.2746826,1,0,0,0,0,1,0,1,0,1,0,1,0,0,0,0,1,0,0,0,0,0
N000002,Jerrold Nadler,Democrat,1947,15,NY-10,78.3,-0.508,-0.508,-0.24822582,1,1,0,0,0,0,0,0,1,1,0,1,1,0,0,0,0,0,0,1,1,0
P000096,Bill Pascrell,Democrat,1937,12,NJ-09,64.3,-0.366,-0.004,-0.1116743,1,0,0,0,0,0,0,0,0,0,0,1,0,0,0,0,0,0,0,0,0,0
S001193,Eric Swalwell,Democrat,1980,4,CA-15,69.9,-0.366,-0.114,-0.33712223,1,0,0,0,0,0,0,0,1,0,0,1,0,0,0,0,0,0,0,0,0,0
L000578,Doug LaMalfa,Republican,1960,4,CA-01,36.5,0.536,0.107,0.3857482,1,0,0,0,0,1,0,0,0,0,0,1,0,0,0,0,1,0,0,0,0,0
L000263,Sander Levin,Democrat,1931,18,MI-09,51.5,-0.379,-0.091,-0.32551485,1,0,0,0,0,0,0,0,0,0,0,0,0,0,0,0,0,0,0,0,0,0
L000557,John B. Larson,Democrat,1948,11,CT-01,59.4,-0.398,-0.055,-0.13318776,1,0,0,0,0,0,0,0,0,0,0,1,0,0,0,0,0,0,0,0,0,0
O000168,Pete Olson,Republican,1962,6,TX-22,44.2,0.548,0.309,0.30540216,1,0,0,0,0,1,0,0,0,0,0,1,0,0,0,0,1,0,0,0,0,0
T000470,Scott Tipton,Republican,1956,5,CO-03,40.0,0.447,-0.026,0.41981378,1,0,0,0,0,1,0,0,0,0,0,1,0,0,0,0,1,0,0,0,0,0
T000474,Norma Torres,Democrat,1965,3,CA-35,67.7,-0.363,0.031,-0.26046997,1,0,1,0,0,0,0,0,0,0,0,1,0,1,0,0,0,0,0,0,0,1
W000795,Joe Wilson,Republican,1947,10,SC-02,38.6,0.538,0.105,-0.6720378,1,0,0,0,0,1,0,0,0,0,0,1,0,0,0,0,1,0,0,0,0,0
T000469,Paul Tonko,Democrat,1949,6,NY-20,54.0,-0.421,-0.258,-0.18335691,1,0,0,0,0,0,0,0,0,0,0,1,0,0,0,0,0,0,0,0,0,0
P000594,Erik Paulsen,Republican,1965,5,MN-03,50.8,0.402,-0.191,0.26117608,1,0,0,0,0,1,0,0,0,0,0,0,0,0,0,0,0,0,0,0,0,0
D000482,Michael F. Doyle,Democrat,1953,13,PA-18,62.1,-0.33,0.118,0.15956406,1,0,0,0,0,0,0,0,0,0,0,1,0,0,0,0,0,0,0,0,0,0
P000592,Ted Poe,Republican,1948,7,TX-02,43.1,0.594,-0.029,0.33355355,1,0,0,0,0,1,0,0,0,0,0,0,0,0,0,0,0,0,0,0,0,0
T000478,Claudia Tenney,Republican,1961,1,NY-22,39.3,0.275,0.508,0.2823996,1,0,0,0,0,1,0,0,0,0,0,0,0,0,0,0,0,0,0,0,0,0
P000601,Steven Palazzo,Republican,1970,5,MS-04,28.2,0.521,0.548,0.25996226,1,0,0,0,0,0,0,0,0,0,1,1,0,0,0,0,0,0,0,0,0,1
C001069,Joe Courtney,Democrat,1953,7,CT-02,48.7,-0.344,0.015,-0.000691622,1,0,1,0,0,0,0,0,0,0,0,1,0,0,0,0,0,0,0,0,0,0
C001103,"Earl ""Buddy"" Carter",Republican,1957,3,GA-01,40.9,0.586,0.273,0.37082005,1,0,0,0,0,1,0,1,0,0,0,1,0,0,0,0,1,0,0,0,0,0
R000598,Keith Rothfus,Republican,1962,3,PA-12,29.7,0.498,0.044,0.3531919,1,0,0,0,0,1,0,0,0,0,0,0,0,0,0,0,0,0,0,0,0,0
C001114,John Curtis (Utah),Republican,1960,2,UT-03,23.3,0.55,0.008,0.16516589,1,0,0,0,0,0,0,0,0,0,0,1,0,0,0,0,1,0,0,0,0,0
A000375,Jodey Arrington,Republican,1972,2,TX-19,23.5,0.624,-0.041,0.43452537,1,0,0,0,0,1,0,0,0,0,0,1,0,0,0,0,1,0,0,0,0,0
T000467,Glenn Thompson (Pennsylvania),Republican,1959,6,PA-15,26.5,0.308,0.386,0.3509563,1,0,0,0,1,0,0,0,0,0,0,1,0,0,0,1,0,0,0,0,0,0
C001112,Salud Carbajal,Democrat,1964,2,CA-24,56.7,-0.298,0.139,-0.26931277,1,0,1,0,0,0,0,0,0,0,0,1,0,1,0,1,0,0,0,0,0,0
J000294,Hakeem Jeffries,Democrat,1970,4,NY-08,84.6,-0.485,-0.092,-0.46841162,1,1,0,0,0,0,0,0,1,0,0,1,1,0,0,0,0,0,0,1,0,0
M001198,Roger Marshall,Republican,1960,2,KS-01,24.3,0.526,0.194,0.40054458,1,0,0,0,0,1,0,0,0,0,0,1,0,0,0,0,1,0,0,0,0,0
N000127,Rick Nolan,Democrat,1943,6,MN-08,38.6,-0.372,-0.372,0.05114649,1,1,0,0,1,0,0,0,0,0,0,0,0,0,0,0,0,0,0,0,0,0
M001143,Betty McCollum,Democrat,1954,10,MN-04,61.5,-0.418,-0.191,-0.29691947,1,0,0,0,0,0,0,0,0,0,0,1,0,0,0,0,0,0,0,0,0,1
K000391,Raja Krishnamoorthi,Democrat,1973,2,IL-08,58.1,-0.31,-0.12,-0.24701047,1,0,1,0,0,0,0,0,0,0,0,1,0,1,0,0,0,0,0,0,0,0
P000604,Donald Payne Jr.,Democrat,1958,5,NJ-10,85.2,-0.514,-0.112,-0.26617923,1,0,0,0,0,0,0,0,0,0,0,1,0,0,0,0,0,0,0,0,0,0
B000574,Earl Blumenauer,Democrat,1948,13,OR-03,70.7,-0.427,-0.669,-0.14478536,1,1,0,0,0,0,0,0,0,0,0,1,1,0,0,0,0,0,0,0,0,0
H001072,French Hill,Republican,1956,3,AR-02,41.7,0.452,0.225,0.44933096,1,0,0,0,0,1,0,0,0,0,0,1,0,0,0,0,1,0,0,0,0,0
S001183,David Schweikert,Republican,1962,5,AZ-06,42.4,0.595,-0.331,-0.46375164,1,0,0,0,0,1,1,0,0,0,0,1,0,0,0,0,1,1,0,0,0,0
K000385,Robin Kelly,Democrat,1956,4,IL-02,78.0,-0.46,0.002,-0.24802105,1,0,0,0,0,0,0,0,0,0,0,1,0,0,0,0,0,0,0,0,0,0
A000370,Alma Adams,Democrat,1946,4,NC-12,67.3,-0.469,0.009,-0.34562778,1,1,0,0,0,0,0,0,0,0,0,1,1,0,0,0,0,0,0,0,0,0
C001084,David N. Cicilline,Democrat,1961,5,RI-01,60.5,-0.39,-0.29,-0.28405145,1,1,0,0,1,0,0,0,1,0,0,1,1,0,0,1,0,0,0,1,0,0
S000250,Pete Sessions,Republican,1955,11,TX-32,48.5,0.585,0.174,0.24685791,1,0,0,0,0,1,0,1,0,1,1,0,0,0,0,0,0,0,0,0,0,0
S000480,Louise Slaughter,Democrat,1929,16,NY-25,55.5,-0.465,-0.104,-0.30879372,1,1,0,0,0,0,0,0,1,1,1,0,0,0,0,0,0,0,0,0,0,0
L000569,Blaine Luetkemeyer,Republican,1952,6,MO-03,28.1,0.439,0.248,0.39080718,1,0,0,0,0,1,0,0,0,0,0,1,0,0,0,0,1,0,0,0,0,0
D000399,Lloyd Doggett,Democrat,1946,13,TX-35,64.1,-0.403,-0.311,-0.2348177,1,1,0,0,0,0,0,0,0,0,0,1,1,0,0,0,0,0,0,0,0,0
C001066,Kathy Castor,Democrat,1966,7,FL-14,57.2,-0.438,0.045,-0.27275938,1,0,0,0,0,0,0,0,0,0,0,1,0,0,0,0,0,0,0,0,0,0
K000376,Mike Kelly,Republican,1948,5,PA-16,37.9,0.338,0.486,0.25566748,1,0,0,0,0,1,0,0,0,0,0,1,0,0,0,0,1,0,0,0,0,0
Y000062,John Yarmuth,Democrat,1947,7,KY-03,54.9,-0.378,-0.272,-0.296248,1,0,0,0,0,0,0,0,1,1,0,1,1,0,0,0,0,0,0,1,1,0
B001289,Bradley Byrne,Republican,1955,4,AL-01,34.1,0.607,0.252,0.21725892,1,0,0,0,0,1,0,0,0,0,0,1,0,0,0,0,1,0,0,0,0,0
E000288,Keith Ellison,Democrat,1963,6,MN-05,73.7,-0.537,-0.58,-0.2190943,1,1,0,0,0,0,0,0,0,0,0,0,0,0,0,0,0,0,0,0,0,0
D000619,Rodney Davis (Illinois),Republican,1970,4,IL-13,44.2,0.289,0.149,0.21043716,1,0,0,0,0,1,0,0,0,0,0,1,0,0,0,0,0,0,1,0,1,0
L000551,Barbara Lee (California),Democrat,1946,12,CA-13,87.4,-0.682,-0.587,-0.4648194,1,1,0,0,0,0,0,0,0,0,1,1,1,0,0,0,0,0,0,0,0,1
L000559,Jim Langevin,Democrat,1964,10,RI-02,51.1,-0.376,0.108,-0.13891122,1,0,0,0,0,0,0,0,0,0,0,1,0,0,0,0,0,0,0,0,0,0
W000800,Peter Welch,Democrat,1947,7,VT-AL,56.7,-0.41,-0.347,-0.17188591,1,1,0,0,1,0,0,0,0,0,0,1,1,0,0,1,0,0,0,0,0,0
B000213,Joe Barton,Republican,1949,17,TX-06,41.9,0.528,0.047,0.19350933,1,0,0,0,0,0,0,0,0,0,0,0,0,0,0,0,0,0,0,0,0,0
D000216,Rosa DeLauro,Democrat,1943,15,CT-03,55.9,-0.416,-0.121,-0.40908903,1,1,0,0,0,0,0,0,1,0,1,1,1,0,0,0,0,0,0,0,0,1
W000810,Rob Woodall,Republican,1970,5,GA-07,44.8,0.603,-0.211,0.12349478,1,0,0,0,0,1,0,0,0,0,1,1,0,0,0,0,1,0,0,0,0,1
E000179,Eliot Engel,Democrat,1947,16,NY-16,75.1,-0.408,-0.091,-0.3447264,1,0,1,0,0,0,0,0,1,1,0,1,0,1,0,0,0,0,0,1,1,0
G000546,Sam Graves,Republican,1963,10,MO-06,31.7,0.442,0.168,0.16319431,1,0,0,0,0,0,0,0,0,0,0,1,0,0,0,0,0,0,1,0,1,0
E000293,Elzabeth Esty,Democrat,1959,3,CT-05,49.9,-0.315,-0.078,-0.08274345,1,0,1,0,0,0,0,0,0,0,0,0,0,0,0,0,0,0,0,0,0,0
L000581,Brenda Lawrence (Michigan),Democrat,1954,3,MI-14,79.2,-0.445,-0.04,-0.31729004,1,1,0,0,0,0,0,0,0,0,0,1,1,1,0,0,0,0,0,0,0,1
A000371,Pete Aguilar,Democrat,1979,3,CA-31,57.7,-0.288,0.13,-0.24939474,1,0,1,0,0,0,0,0,0,0,1,1,0,1,0,0,0,0,0,0,0,1
B001305,Ted Budd,Republican,1971,2,NC-13,30.6,0.672,-0.083,0.3596979,1,0,0,0,0,1,0,0,0,0,0,1,0,0,0,0,1,1,0,0,0,0
W000798,Tim Walberg,Republican,1951,6,MI-07,38.7,0.52,0.065,0.34313977,1,0,0,0,0,1,0,0,0,0,0,1,0,0,0,0,1,0,0,0,0,0
F000461,Bill Flores,Republican,1954,5,TX-17,38.8,0.569,0.289,0.7241699,1,0,0,0,0,1,0,0,0,0,0,1,0,0,0,0,1,0,0,0,0,0
H001036,Jeb Hensarling,Republican,1957,8,TX-05,34.3,0.703,0.04,0.43378532,1,0,0,0,0,1,0,1,0,1,0,0,0,0,0,0,0,0,0,0,0,0
S001157,David Scott (Georgia),Democrat,1945,9,GA-13,71.0,-0.301,0.163,0.042795688,1,0,0,1,0,0,0,0,0,0,0,1,0,1,1,0,0,0,0,0,0,0
W000812,Ann Wagner,Republican,1962,4,MO-02,42.3,0.457,0.143,0.1981249,1,0,0,0,0,1,0,1,0,0,0,1,0,0,0,0,1,0,0,0,0,0
B001282,Andy Barr,Republican,1973,4,KY-06,39.4,0.495,0.277,0.26457068,1,0,0,0,0,1,0,0,0,0,0,1,0,0,0,0,1,0,0,0,0,0
H001059,Randy Hultgren,Republican,1966,4,IL-14,44.8,0.49,-0.034,0.3965459,1,0,0,0,0,1,0,0,0,0,0,0,0,0,0,0,0,0,0,0,0,0
G000553,Al Green,Democrat,1947,8,TX-09,79.3,-0.438,0.316,-0.14201328,1,0,0,0,0,0,0,0,0,0,0,1,0,0,0,0,0,0,0,0,0,0
S001168,John Sarbanes,Democrat,1962,7,MD-03,62.8,-0.468,-0.075,-0.27788496,1,0,0,0,0,0,0,0,0,0,0,1,0,0,0,0,0,0,0,0,0,0
E000294,Tom Emmer,Republican,1961,3,MN-06,33.2,0.457,-0.039,0.44840014,1,0,0,0,0,1,0,1,0,1,0,1,0,0,0,0,1,0,1,0,0,0
W000187,Maxine Waters,Democrat,1938,15,CA-43,78.4,-0.653,-0.073,-0.16754967,1,1,0,0,0,0,0,0,1,1,0,1,1,0,0,0,0,0,0,1,1,0
P000611,Bruce Poliquin,Republican,1953,2,ME-02,41.1,0.36,-0.182,0.37694108,1,0,0,0,0,1,0,0,0,0,0,0,0,0,0,0,0,0,0,0,0,0
D000626,Warren Davidson,Republican,1970,3,OH-08,30.6,0.714,-0.323,0.33336645,1,0,0,0,0,1,1,0,0,0,0,1,0,0,0,0,1,1,0,0,0,0
H001074,Trey Hollingsworth,Republican,1983,2,IN-09,34.2,0.408,-0.238,0.5138516,1,0,0,0,0,0,0,0,0,0,0,1,0,0,0,0,0,0,0,0,0,0
G000583,Josh Gottheimer,Democrat,1975,2,NJ-05,47.7,-0.135,0.19,-0.058740813,1,0,1,1,1,0,0,0,0,0,0,1,0,1,1,1,0,0,0,0,0,0
S001199,Lloyd Smucker,Republican,1964,2,PA-11,34.7,0.415,0.302,0.2796138,1,0,0,0,1,1,0,0,0,0,0,1,0,0,0,1,1,0,0,0,0,0
C001108,James Comer Jr.,Republican,1972,3,KY-01,23.9,0.644,-0.053,0.33326563,1,0,0,0,0,0,0,0,0,0,0,1,0,0,0,0,1,0,0,0,0,0
D000191,Peter DeFazio,Democrat,1947,17,OR-04,46.1,-0.429,0.008,-0.03235571,1,1,0,0,0,0,0,0,1,1,0,1,1,0,0,0,0,0,0,1,1,0
M001166,Jerry McNerney,Democrat,1951,7,CA-09,56.6,-0.261,-0.15,-0.034048755,1,0,0,0,0,0,0,0,0,0,0,1,0,0,0,0,0,0,0,0,0,0
P000523,David Price,Democrat,1940,16,NC-04,65.2,-0.343,-0.031,-0.16693576,1,0,0,0,0,0,0,0,0,0,1,1,0,0,0,0,0,0,0,0,0,1
R000606,Jamie Raskin,Democrat,1962,2,MD-08,65.0,-0.548,-0.204,-0.17042634,1,1,0,0,0,0,0,0,0,0,0,1,1,0,0,0,0,0,0,0,0,1
N000188,Donald Norcross,Democrat,1958,4,NJ-01,60.6,-0.427,0.333,-0.27539635,1,1,1,0,0,0,0,0,0,0,0,1,1,1,0,0,0,0,0,0,0,0
J000288,"Henry C. Johnson, Jr.",Democrat,1954,7,GA-04,75.3,-0.467,0.006,-0.18322657,1,1,0,0,0,0,0,0,0,0,0,1,1,0,0,0,0,0,0,0,0,0
K000009,Marcy Kaptur,Democrat,1946,19,OH-09,58.7,-0.35,0.109,-0.12710203,1,0,0,0,0,0,0,0,0,0,1,1,0,0,0,0,0,0,0,0,0,1
Y000065,Ted Yoho,Republican,1955,4,FL-03,40.2,0.706,-0.362,0.26441762,1,0,0,0,0,1,1,0,0,0,0,1,0,0,0,0,1,1,0,0,0,0
C001059,Jim Costa,Democrat,1952,8,CA-16,58.0,-0.19,0.47,-0.029050983,1,0,1,1,1,0,0,0,0,0,0,1,0,1,1,1,0,0,0,0,0,0
B000755,Kevin Brady (Texas),Republican,1955,12,TX-08,23.9,0.522,0.217,0.27630383,1,0,0,0,0,1,0,1,0,1,0,1,0,0,0,0,1,0,1,0,1,0
N000015,Richard Neal,Democrat,1949,16,MA-01,57.2,-0.417,-0.111,-0.08162806,1,0,0,0,0,0,0,0,1,1,0,1,0,0,0,0,0,0,0,1,1,0
N000181,Devin Nunes,Republican,1973,9,CA-22,42.6,0.448,0.212,0.18428311,1,0,0,0,0,0,0,1,0,1,0,1,0,0,0,0,0,0,1,0,1,0
L000287,John Lewis (Georgia),Democrat,1940,17,GA-05,85.0,-0.589,-0.223,-0.26166368,1,1,0,0,0,0,0,0,0,0,0,1,1,0,0,0,0,0,0,0,0,0
B001273,Diane Black,Republican,1951,4,TN-06,23.7,0.58,0.219,0.31058887,1,0,0,0,0,1,0,0,0,0,0,0,0,0,0,0,0,0,0,0,0,0
N000184,Kristi Noem,Republican,1971,4,SD-AL,31.7,0.398,0.326,0.28220838,1,0,0,0,0,1,0,1,0,0,0,0,0,0,0,0,0,0,0,0,0,0
T000462,Patrick J. Tiberi,Republican,1962,9,OH-12,41.9,0.386,-0.026,0.29901528,1,0,0,0,0,0,0,0,0,0,0,0,0,0,0,0,0,0,0,0,0,0
T000460,Mike Thompson (California),Democrat,1951,11,CA-05,69.2,-0.396,0.063,-0.14138381,1,0,0,1,0,0,0,0,0,0,0,1,0,0,1,0,0,0,0,0,0,0
J000290,Lynn Jenkins,Republican,1963,5,KS-02,37.4,0.523,0.004,0.3192448,1,0,0,0,0,1,0,0,0,0,0,0,0,0,0,0,0,0,0,0,0,0
S001172,Adrian Smith,Republican,1970,7,NE-03,20.0,0.515,0.184,0.27313167,1,0,0,0,0,0,0,0,0,0,0,1,0,0,0,0,0,0,0,0,1,0
K000188,Ron Kind,Democrat,1963,12,WI-03,44.8,-0.262,-0.083,0.06307439,1,0,0,0,0,0,0,0,0,0,0,1,0,1,0,0,0,0,0,0,0,0
S001176,Steve Scalise,Republican,1965,7,LA-01,26.7,0.563,0.151,0.2911889,1,0,0,0,0,1,0,1,0,0,0,1,0,0,0,0,1,0,1,0,0,0
M001158,Kenny Marchant,Republican,1951,8,TX-24,44.5,0.602,0.172,0.40937555,1,0,0,0,0,1,0,0,0,0,0,1,0,0,0,0,1,0,1,0,1,0
C001038,Joseph Crowley,Democrat,1962,10,NY-14,77.7,-0.412,-0.07,-0.34587765,1,0,0,0,0,0,0,0,1,0,0,0,0,0,0,0,0,0,0,0,0,0
R000585,Tom Reed (New York),Republican,1971,6,NY-23,39.7,0.284,0.108,0.13036957,1,0,0,0,1,1,0,0,0,0,0,1,0,0,0,1,1,0,0,0,0,0
D000096,Danny K. Davis,Democrat,1941,12,IL-07,87.4,-0.486,-0.263,-0.2511137,1,1,0,0,0,0,0,0,0,0,0,1,1,0,0,0,0,0,0,0,0,0
H001065,George E.B. Holding,Republican,1968,4,NC-02,60.3,0.614,0.171,0.23458487,1,0,0,0,0,1,0,0,0,0,0,1,0,0,0,0,1,0,0,0,0,0
H001038,Brian Higgins,Democrat,1959,8,NY-26,57.6,-0.346,-0.033,-0.2290432,1,0,0,0,0,0,0,0,0,0,0,1,0,0,0,0,0,0,0,0,0,0
S001185,Terri Sewell,Democrat,1965,5,AL-07,69.8,-0.39,0.401,-0.21556465,1,0,1,0,0,0,0,0,0,0,0,1,0,1,0,0,0,0,0,0,0,0
S001195,Jason Smith (Missouri representative),Republican,1980,4,MO-08,21.0,0.591,0.217,0.38450956,1,0,0,0,0,1,0,1,0,0,0,1,0,0,0,0,1,0,0,0,0,0
D000617,Suzan DelBene,Democrat,1962,5,WA-01,54.1,-0.28,-0.232,-0.1949162,1,0,1,0,0,0,0,0,0,0,0,1,0,1,0,0,0,0,0,0,0,0
W000813,Jackie Walorski,Republican,1963,4,IN-02,36.1,0.431,0.317,0.3774122,1,0,0,0,0,1,0,0,0,0,0,1,0,0,0,0,1,0,0,0,0,0
C001080,Judy Chu,Democrat,1953,6,CA-27,66.0,-0.487,-0.373,-0.34717208,1,1,0,0,0,0,0,0,0,0,0,1,1,0,0,0,0,0,0,0,0,0
B001293,Mike Bishop (politician),Republican,1967,2,MI-08,43.9,0.451,0.095,0.26761442,1,0,0,0,0,1,0,0,0,0,0,0,0,0,0,0,0,0,0,0,0,0
C000537,James E. Clyburn,Democrat,1940,14,SC-06,66.8,-0.464,0.253,-0.1929221,1,0,0,0,0,0,0,0,1,0,0,1,0,0,0,0,0,0,0,1,0,0
P000197,Nancy Pelosi,Democrat,1940,17,CA-12,86.2,-0.49,-0.206,-0.2835335,1,0,0,0,0,0,0,0,1,0,0,1,0,0,0,0,0,0,0,1,0,0
R000570,Paul Ryan,Republican,1970,10,WI-01,42.3,0.556,-0.25,0.3083022,1,0,0,0,0,0,0,1,0,0,0,0,0,0,0,0,0,0,0,0,0,0
V000131,Mark Veasey,Democrat,1971,4,TX-33,72.9,-0.402,0.286,-0.13846537,1,0,0,0,0,0,0,0,0,0,0,1,0,1,0,0,0,0,0,0,0,0
B001286,Cheri Bustos,Democrat,1961,4,IL-17,46.7,-0.237,0.032,-0.12683241,1,0,1,0,1,0,0,0,1,0,0,1,0,1,0,0,0,0,0,1,0,1
E000297,Adriano Espaillat,Democrat,1954,2,NY-13,92.3,-0.612,-0.111,-0.38968506,1,1,0,0,0,0,0,0,0,0,0,1,1,0,0,0,0,0,0,0,0,0
T000468,Dina Titus,Democrat,1950,5,NV-01,61.6,-0.302,-0.217,-0.07660071,1,0,0,0,0,0,0,0,0,0,0,1,0,0,0,0,0,0,0,0,0,0
H001064,Denny Heck,Democrat,1952,4,WA-10,51.3,-0.31,-0.132,-0.075038284,1,0,1,0,0,0,0,0,0,0,0,1,0,1,0,0,0,0,0,0,0,0
R000409,Dana Rohrabacher,Republican,1947,15,CA-48,47.9,0.626,-0.417,0.2220436,1,0,0,0,0,0,0,0,0,0,0,0,0,0,0,0,0,0,0,0,0,0
N000179,Grace Napolitano,Democrat,1936,11,CA-32,66.6,-0.448,-0.249,-0.03905478,1,1,0,0,0,0,0,0,0,0,0,1,1,0,0,0,0,0,0,0,0,0
T000238,Mac Thornberry,Republican,1958,13,TX-13,16.9,0.525,0.308,0.04642984,1,0,0,0,0,1,0,1,0,1,0,1,0,0,0,0,1,0,1,0,1,0
S000510,Adam Smith,Democrat,1965,12,WA-09,70.5,-0.284,-0.16,-0.044192303,1,1,1,0,0,0,0,0,1,1,0,1,1,1,0,0,0,0,0,1,0,0
M001200,Donald McEachin,Democrat,1961,2,VA-04,58.7,-0.382,-0.099,-0.2593068,1,0,0,0,0,0,0,0,0,0,0,1,0,1,0,0,0,0,0,0,0,0
T000463,Michael R. Turner,Republican,1960,9,OH-10,44.0,0.269,0.208,0.056426432,1,0,0,0,0,1,0,0,0,0,0,1,0,0,0,0,1,0,0,0,0,0
D000598,Susan Davis (politician),Democrat,1944,10,CA-53,64.5,-0.343,-0.108,-0.22531904,1,0,0,0,0,0,0,0,0,0,0,1,0,1,0,0,0,0,0,0,0,0
R000575,Mike Rogers (Alabama),Republican,1958,9,AL-03,32.3,0.352,0.459,0.114504986,1,0,0,0,0,1,0,0,0,0,0,1,0,0,0,0,0,0,1,0,1,0
W000804,Robert J. Wittman,Republican,1959,7,VA-01,41.2,0.443,-0.021,0.23470037,1,0,0,0,0,1,0,0,0,0,0,1,0,0,0,0,1,0,0,0,0,0
C001077,Mike Coffman,Republican,1955,5,CO-06,50.2,0.492,-0.213,-0.0147114815,1,0,0,0,1,0,0,0,0,0,0,0,0,0,0,0,0,0,0,0,0,0
H001053,Vicky Hartzler,Republican,1960,5,MO-04,29.3,0.47,0.336,0.32770714,1,0,0,0,0,1,0,0,0,0,0,1,0,0,0,0,1,0,0,0,0,0
W000815,Brad Wenstrup,Republican,1958,4,OH-02,39.7,0.551,0.164,0.19317037,1,0,0,0,0,1,0,0,0,0,0,1,0,0,0,0,1,0,0,0,0,0
R000604,Steve Russell (politician),Republican,1963,2,OK-05,39.8,0.473,-0.183,0.12256726,1,0,0,0,0,0,0,0,0,0,0,0,0,0,0,0,0,0,0,0,0,0
K000388,Trent Kelly,Republican,1966,3,MS-01,32.4,0.628,0.242,0.18976325,1,0,0,0,0,1,0,0,0,0,0,1,0,0,0,0,1,0,0,0,0,0
B001298,Don Bacon,Republican,1963,2,NE-02,46.0,0.421,-0.128,0.09042777,1,0,0,0,0,1,0,0,0,0,0,1,0,0,0,0,1,0,0,0,0,0
B001299,Jim Banks,Republican,1979,2,IN-03,30.1,0.638,-0.014,0.52205116,1,0,0,0,0,1,0,0,0,0,0,1,0,0,0,0,1,0,0,0,0,0
T000477,Scott Taylor (politician),Republican,1979,1,VA-02,45.4,0.456,0.021,0.21385148,1,0,0,0,0,1,0,0,0,0,1,0,0,0,0,0,0,0,0,0,0,0
C001062,Mike Conaway,Republican,1948,8,TX-11,19.1,0.591,0.365,0.3401816,1,0,0,0,0,1,0,1,0,1,0,1,0,0,0,0,1,0,1,0,1,0
R000592,Todd Rokita,Republican,1970,4,IN-04,30.2,0.602,-0.16,0.27894685,1,0,0,0,0,1,0,0,0,0,0,0,0,0,0,0,0,0,0,0,0,0
G000410,Gene Green,Democrat,1947,13,TX-29,71.1,-0.324,0.453,-0.11111116,1,0,0,0,0,0,0,0,0,0,0,0,0,0,0,0,0,0,0,0,0,0
J000292,Bill Johnson (Ohio),Republican,1954,5,OH-06,26.7,0.432,0.275,0.42984974,1,0,0,0,0,1,0,0,0,0,0,1,0,0,0,0,1,0,0,0,0,0
L000587,Jason Lewis (Minnesota politician),Republican,1955,1,MN-02,45.3,0.506,-0.197,0.29061726,1,0,0,0,0,0,0,0,0,0,0,0,0,0,0,0,0,0,0,0,0,0
L000580,Michelle Lujan Grisham,Democrat,1959,3,NM-01,51.6,-0.313,0.047,-0.23819439,1,0,0,0,0,0,0,0,0,0,0,0,0,0,0,0,0,0,0,0,0,0
F000450,Virginia Foxx,Republican,1943,8,NC-05,30.3,0.632,0.119,0.1981242,1,0,0,0,0,1,0,1,0,1,0,1,0,0,0,0,1,0,1,0,1,0
B001278,Suzanne Bonamici,Democrat,1954,5,OR-01,57.3,-0.393,-0.4,-0.27093172,1,1,0,0,0,0,0,0,0,0,0,1,1,0,0,0,0,0,0,0,0,0
G000576,Glenn Grothman,Republican,1955,3,WI-06,38.8,0.618,-0.29,0.29345375,1,0,0,0,0,1,0,0,0,0,0,1,0,0,0,0,1,0,0,0,0,0
F000465,Drew Ferguson,Republican,1967,2,GA-03,32.8,0.619,0.138,0.35904408,1,0,0,0,0,1,0,0,0,0,0,1,0,0,0,0,1,0,0,0,0,0
W000809,Steve Womack,Republican,1957,5,AR-03,30.5,0.349,0.581,0.38871014,1,0,0,0,0,0,0,1,0,1,1,1,0,0,0,0,0,0,1,0,1,1
S001145,Jan Schakowsky,Democrat,1944,11,IL-09,70.1,-0.607,-0.267,-0.22155952,1,1,0,0,0,0,0,0,0,0,0,1,1,0,0,0,0,0,0,1,0,0
L000560,Rick Larsen,Democrat,1965,10,WA-02,56.9,-0.365,0.189,0.05455628,1,0,1,0,0,0,0,0,0,0,0,1,0,1,0,0,0,0,0,0,0,0
G000578,Matt Gaetz,Republican,1982,2,FL-01,28.2,0.626,-0.556,0.21202014,1,0,0,0,0,1,0,0,0,0,0,1,0,0,0,0,0,1,0,0,0,0
S000185,Robert C. Scott,Democrat,1947,14,VA-03,63.6,-0.45,0.013,-0.2493748,1,0,0,0,0,0,0,0,1,1,0,1,0,0,0,0,0,0,0,1,1,0
P000034,Frank Pallone,Democrat,1951,17,NJ-06,56.2,-0.404,-0.161,-0.19381048,1,1,0,0,0,0,0,0,0,0,0,1,1,0,0,0,0,0,0,1,1,0
L000585,Darin LaHood,Republican,1968,3,IL-18,33.3,0.457,0.161,0.32190615,1,0,0,0,0,1,0,0,0,0,0,1,0,0,0,0,1,0,0,0,0,0
M000087,Carolyn B. Maloney,Democrat,1946,14,NY-12,83.3,-0.387,-0.278,-0.15449132,1,1,0,0,0,0,0,0,0,0,0,1,1,1,0,0,0,0,0,0,1,0
R000607,Francis Rooney,Republican,1953,2,FL-19,37.5,0.514,-0.518,0.042608283,1,0,0,0,0,1,0,0,0,0,0,1,0,0,0,0,1,0,0,0,0,0
B001292,Don Beyer,Democrat,1950,3,VA-08,73.5,-0.387,-0.047,-0.10547582,1,1,1,0,0,0,0,0,0,0,0,1,1,1,0,0,0,0,0,1,0,0
D000620,John Delaney,Democrat,1963,3,MD-06,55.3,-0.276,0.041,0.018846795,1,0,1,0,1,0,0,0,0,0,0,0,0,0,0,0,0,0,0,0,0,0
E000215,Anna Eshoo,Democrat,1942,14,CA-18,73.4,-0.381,-0.428,-0.23669052,1,0,0,0,0,0,0,0,0,0,0,1,0,0,0,0,0,0,0,0,0,0
W000797,Debbie Wasserman Schultz,Democrat,1966,8,FL-23,61.9,-0.421,0.067,-0.27073577,1,0,1,0,0,0,0,0,0,0,0,1,0,1,0,0,0,0,0,0,0,1
B001296,Brendan Boyle,Democrat,1977,3,PA-02,72.9,-0.397,0.145,-0.20701951,1,0,0,0,0,0,0,0,0,0,0,1,1,0,0,0,0,0,0,0,0,0
M000312,Jim McGovern (Massachusetts),Democrat,1959,12,MA-02,56.2,-0.539,-0.297,-0.34674925,1,1,0,0,0,0,0,0,0,0,1,1,1,0,0,0,0,0,0,1,1,1
C001053,Tom Cole,Republican,1949,9,OK-04,28.3,0.331,0.356,0.0073454157,1,0,0,0,0,1,0,0,0,0,1,1,0,0,0,0,1,0,1,0,1,1
W000822,Bonnie Watson Coleman,Democrat,1945,3,NJ-12,65.0,-0.623,-0.122,-0.25170606,1,1,0,0,0,0,0,0,0,0,0,1,1,0,0,0,0,0,0,0,0,1
P000607,Mark Pocan,Democrat,1964,4,WI-02,65.8,-0.54,-0.525,-0.33148348,1,1,0,0,1,0,0,0,0,0,1,1,1,0,0,1,0,0,0,0,0,1
S000364,John M. Shimkus,Republican,1958,12,IL-15,24.5,0.374,0.147,0.22488852,1,0,0,0,0,1,0,0,0,0,0,1,0,0,0,0,1,0,0,0,0,0
K000389,Ro Khanna,Democrat,1976,2,CA-17,73.9,-0.594,-0.156,-0.17182669,1,1,0,0,0,0,0,0,0,0,0,1,1,0,0,0,0,0,0,0,0,0
M001189,Luke Messer,Republican,1969,3,IN-06,27.4,0.563,-0.086,0.4678027,1,0,0,0,0,0,0,1,0,0,0,0,0,0,0,0,0,0,0,0,0,0
F000449,Jeff Fortenberry,Republican,1960,8,NE-01,36.2,0.302,-0.06,0.12976554,1,0,0,0,0,1,0,0,0,0,1,1,0,0,0,0,1,0,0,0,0,1
J000297,Evan Jenkins (politician),Republican,1960,2,WV-03,23.3,0.315,0.308,0.3168619,1,0,0,0,0,0,0,0,0,0,1,0,0,0,0,0,0,0,0,0,0,0
E000296,Dwight Evans,Democrat,1954,3,PA-03,90.9,-0.452,-0.087,-0.40702286,1,0,0,0,0,0,0,0,0,0,0,1,1,0,0,0,0,0,0,0,0,0
K000362,Steve King,Republican,1949,9,IA-04,33.5,0.61,0.206,0.29883298,1,0,0,0,0,1,0,0,0,0,0,1,0,0,0,0,1,0,0,0,0,0
F000462,Lois Frankel,Democrat,1948,4,FL-21,58.6,-0.401,-0.093,-0.34527615,1,1,0,0,0,0,0,0,0,0,0,1,1,0,0,0,0,0,0,0,0,1
W000820,Mimi Walters,Republican,1962,2,CA-45,49.8,0.433,0.177,0.24271858,1,0,0,0,0,1,0,0,0,0,0,0,0,0,0,0,0,0,0,0,0,0
S001175,Jackie Speier,Democrat,1950,7,CA-14,76.9,-0.382,-0.455,-0.09206806,1,0,0,0,0,0,0,0,0,0,0,1,0,0,0,0,0,0,0,0,0,0
M001163,Doris Matsui,Democrat,1944,8,CA-06,69.2,-0.434,-0.166,-0.15641674,1,0,0,0,0,0,0,0,0,0,0,1,0,0,0,0,0,0,0,0,0,0
S000583,Lamar Smith,Republican,1947,16,TX-21,42.5,0.425,0.061,0.40928763,1,0,0,0,0,1,0,1,0,1,0,0,0,0,0,0,0,0,0,0,0,0
B001291,Brian Babin,Republican,1948,3,TX-36,25.2,0.685,0.17,0.41884187,1,0,0,0,0,1,0,0,0,0,0,1,0,0,0,0,1,0,0,0,0,0
M001181,Patrick Meehan,Republican,1955,4,PA-07,48.7,0.22,0.076,0.30774722,1,0,0,0,1,0,0,0,0,0,0,0,0,0,0,0,0,0,0,0,0,0
M001179,Tom Marino,Republican,1952,5,PA-12,29.7,0.352,0.477,0.31298798,1,0,0,0,0,0,0,0,0,0,0,1,0,0,0,0,0,0,0,0,0,0
K000381,Derek Kilmer,Democrat,1974,4,WA-06,51.8,-0.309,-0.014,-0.10880936,1,0,1,0,0,0,0,0,0,0,1,1,0,1,0,0,0,0,0,0,0,1
G000568,Morgan Griffith,Republican,1958,5,VA-09,27.3,0.55,-0.437,0.33200303,1,0,0,0,0,0,1,0,0,0,0,1,0,0,0,0,0,1,0,0,0,0
R000515,Bobby Rush,Democrat,1946,14,IL-01,75.4,-0.478,-0.203,-0.03436301,1,0,0,0,0,0,0,0,0,0,0,1,0,0,0,0,0,0,0,0,0,0
C001067,Yvette D. Clarke,Democrat,1964,7,NY-09,83.5,-0.615,-0.199,-0.412648,1,1,0,0,0,0,0,0,0,0,0,1,1,0,0,0,0,0,0,0,0,0
V000130,Juan Vargas,Democrat,1961,4,CA-51,71.8,-0.399,0.107,-0.29058105,1,0,1,0,0,0,0,0,0,0,0,1,0,1,0,0,0,0,0,0,0,0
R000582,Phil Roe,Republican,1945,6,TN-01,19.7,0.487,0.017,0.16292787,1,0,0,0,0,1,0,1,0,1,0,1,0,0,0,0,1,0,1,0,1,0
W000799,Tim Walz,Democrat,1964,6,MN-01,38.4,-0.275,0.131,0.09528018,1,0,0,0,0,0,0,0,0,0,0,0,0,0,0,0,0,0,0,0,0,0
B001257,Gus M. Bilirakis,Republican,1963,7,FL-12,38.8,0.405,0.013,0.1449168,1,0,0,0,0,1,0,0,0,0,0,1,0,0,0,0,1,0,0,0,0,0
K000382,Annie Kuster,Democrat,1956,4,NH-02,48.6,-0.254,-0.135,-0.19223931,1,0,1,0,1,0,0,0,0,0,0,1,0,1,0,0,0,0,0,0,0,0
T000472,Mark Takano,Democrat,1960,4,CA-41,61.0,-0.463,-0.26,-0.11952575,1,1,0,0,0,0,0,0,1,1,0,1,1,0,0,0,0,0,0,1,1,0
B001285,Julia Brownley,Democrat,1952,4,CA-26,57.9,-0.285,0.05,-0.21132797,1,0,1,0,1,0,0,0,0,0,0,1,0,1,0,0,0,0,0,0,0,0
C001106,Ryan Costello,Republican,1976,2,PA-06,52.6,0.217,-0.055,0.1612169,1,0,0,0,0,0,0,0,0,0,0,0,0,0,0,0,0,0,0,0,0,0
O000170,Beto O'Rourke,Democrat,1972,3,TX-16,67.9,-0.304,-0.331,-0.029062951,1,0,1,0,0,0,0,0,0,0,0,0,0,0,0,0,0,0,0,0,0,0
C001110,Lou Correa,Democrat,1958,2,CA-46,66.3,-0.279,0.335,-0.15233298,1,0,1,1,0,0,0,0,0,0,0,1,0,1,1,0,0,0,0,0,0,0
K000390,Ruben Kihuen,Democrat,1980,1,NV-04,49.5,-0.397,0.226,0.6355781,1,0,0,0,0,0,0,0,0,0,0,0,0,0,0,0,0,0,0,0,0,0
D000533,Jimmy Duncan (politician),Republican,1947,16,TN-02,29.7,0.604,-0.476,0.17678912,1,0,0,0,0,0,0,0,0,0,0,0,0,0,0,0,0,0,0,0,0,0
G000535,Luis V. Gutierrez,Democrat,1953,13,IL-04,82.1,-0.487,-0.26,-0.34381,1,1,0,0,0,0,0,0,0,0,0,0,0,0,0,0,0,0,0,0,0,0
F000460,Blake Farenthold,Republican,1961,4,TX-27,36.5,0.548,0.016,0.40658668,1,0,0,0,0,1,0,0,0,0,0,0,0,0,0,0,0,0,0,0,0,0
B001297,Ken Buck,Republican,1959,3,CO-04,34.3,0.748,-0.46,0.29559067,1,0,0,0,0,1,1,0,0,0,1,1,0,0,0,0,1,1,0,0,0,0
H001058,Bill Huizenga,Republican,1969,5,MI-02,38.2,0.599,-0.041,0.24921595,1,0,0,0,0,1,0,0,0,0,0,1,0,0,0,0,1,0,0,0,0,0
M001202,Stephanie Murphy,Democrat,1978,2,FL-07,51.4,-0.158,0.051,-0.16037746,1,0,1,1,0,0,0,0,0,0,0,1,0,1,1,1,0,0,0,0,0,0
K000380,Dan Kildee,Democrat,1958,4,MI-05,49.7,-0.395,-0.209,-0.30206206,1,0,0,0,0,0,0,0,0,0,0,1,1,0,0,0,0,0,0,0,0,0
Y000063,Kevin Yoder,Republican,1976,4,KS-03,47.2,0.558,0.03,0.26685208,1,0,0,0,0,1,0,0,0,0,1,0,0,0,0,0,0,0,0,0,0,0
L000579,Alan Lowenthal,Democrat,1941,4,CA-47,62.6,-0.45,-0.361,-0.107794575,1,1,0,0,1,0,0,0,0,0,0,1,1,0,0,1,0,0,0,0,0,0
R000577,Tim Ryan (Ohio),Democrat,1973,9,OH-13,51.1,-0.403,0.213,-0.1226061,1,0,0,0,1,0,0,0,0,0,1,1,0,0,0,1,0,0,0,0,0,1
B001243,Marsha Blackburn,Republican,1952,8,TN-07,28.2,0.617,0.133,0.3249162,1,0,0,0,0,1,0,0,0,0,0,0,0,0,0,0,0,0,0,0,0,0
R000593,Dennis A. Ross,Republican,1959,4,FL-15,43.1,0.531,0.099,0.26950958,1,0,0,0,0,1,0,0,0,0,0,0,0,0,0,0,0,0,0,0,0,0
H001068,Jared Huffman,Democrat,1964,4,CA-02,69.0,-0.426,-0.536,-0.097871736,1,1,0,0,1,0,0,0,0,0,0,1,1,0,0,1,0,0,0,0,0,0
D000623,Mark DeSaulnier,Democrat,1952,3,CA-11,71.5,-0.529,-0.348,-0.06340992,1,0,0,0,0,0,0,0,0,0,0,1,1,0,0,0,0,0,0,0,0,1
B001248,Michael C. Burgess,Republican,1950,9,TX-26,34.4,0.577,-0.22,0.13010933,1,0,0,0,0,1,0,0,0,0,1,1,0,0,0,0,1,0,0,0,0,1
C001097,Tony Cardenas,Democrat,1963,4,CA-29,77.7,-0.382,0.023,-0.2544881,1,0,1,0,1,0,0,0,0,0,0,1,0,1,0,1,0,0,0,0,0,0
L000562,Stephen Lynch,Democrat,1955,10,MA-08,60.4,-0.35,0.038,-0.055551287,1,0,0,0,0,0,0,0,0,0,0,1,0,0,0,0,0,0,0,0,0,0
C001037,Michael Capuano,Democrat,1952,10,MA-07,84.1,-0.58,-0.082,-0.25168538,1,1,0,0,0,0,0,0,0,0,0,0,0,0,0,0,0,0,0,0,0,0
W000816,Roger Williams,Republican,1949,4,TX-25,40.2,0.59,0.09,0.35082936,1,0,0,0,0,1,0,0,0,0,0,1,0,0,0,0,1,0,0,0,0,0
S000344,Brad Sherman,Democrat,1954,12,CA-30,69.1,-0.342,-0.148,-0.03924818,1,0,0,0,0,0,0,0,0,0,0,1,1,0,0,0,0,0,0,0,0,0
F000454,Bill Foster,Democrat,1955,6,IL-11,58.9,-0.227,-0.231,0.07588103,1,0,1,0,0,0,0,0,0,0,0,1,0,1,0,0,0,0,0,0,0,0
T000475,Dave Trott (politician),Republican,1960,2,MI-11,45.3,0.369,0.257,0.30869985,1,0,0,0,0,0,0,0,0,0,0,0,0,0,0,0,0,0,0,0,0,0
L000583,Barry Loudermilk,Republican,1963,3,GA-11,35.3,0.688,-0.021,0.41035706,1,0,0,0,0,1,0,0,0,0,0,1,0,0,0,0,1,0,0,0,0,0
K000392,David Kustoff,Republican,1966,2,TN-08,30.7,0.541,0.225,0.34839463,1,0,0,0,0,1,0,0,0,0,0,1,0,0,0,0,1,0,0,0,0,0
C001090,Matt Cartwright,Democrat,1961,4,PA-08,43.7,-0.371,-0.049,-0.12055112,1,1,0,0,0,0,0,0,0,0,1,1,1,0,0,0,0,0,0,0,0,1
D000628,Neal Dunn,Republican,1953,2,FL-02,30.6,0.542,0.166,0.29997778,1,0,0,0,0,1,0,0,0,0,0,1,0,0,0,0,1,0,0,0,0,0
L000573,Raul Labrador,Republican,1967,4,ID-01,25.4,0.735,-0.571,0.32014748,1,0,0,0,0,0,1,0,0,0,0,0,0,0,0,0,0,0,0,0,0,0
G000563,Bob Gibbs,Republican,1954,5,OH-07,32.8,0.474,0.308,0.32531798,1,0,0,0,0,1,0,0,0,0,0,1,0,0,0,0,1,0,0,0,0,0
S001187,Steve Stivers,Republican,1965,5,OH-15,39.9,0.297,0.27,0.16905652,1,0,0,0,0,1,0,1,0,0,0,1,0,0,0,0,1,0,0,0,0,0
L000566,Robert E. Latta,Republican,1956,7,OH-05,34.6,0.519,0.262,0.22397588,1,0,0,0,0,1,0,0,0,0,0,1,0,0,0,0,1,0,0,0,0,0
R000586,Jim Renacci,Republican,1958,4,OH-16,39.5,0.387,0.143,0.24393854,1,0,0,0,0,1,0,0,0,0,0,0,0,0,0,0,0,0,0,0,0,0
P000598,Jared Polis,Democrat,1975,5,CO-02,56.2,-0.278,-0.692,-0.18482672,1,1,1,0,1,0,0,0,0,0,1,0,0,0,0,0,0,0,0,0,0,0
Z000017,Lee Zeldin,Republican,1980,3,NY-01,42.2,0.386,-0.134,0.17675944,1,0,0,0,0,0,0,0,0,0,0,1,0,0,0,0,0,0,0,0,0,0
R000487,Ed Royce,Republican,1951,13,CA-39,51.5,0.657,-0.353,-0.18341173,1,0,0,0,0,1,0,1,0,1,0,0,0,0,0,0,0,0,0,0,0,0
S000522,Chris Smith (New Jersey),Republican,1953,20,NJ-04,41.0,0.164,-0.168,0.02813149,1,0,0,0,0,0,0,0,0,0,0,1,0,0,0,0,0,0,0,0,0,0
C001091,Joaquin Castro,Democrat,1974,4,TX-20,61.0,-0.397,-0.013,-0.32373375,1,0,1,0,0,0,0,0,0,0,0,1,0,1,0,1,0,0,0,0,0,0
C001078,Gerald Connolly,Democrat,1950,6,VA-11,66.9,-0.306,-0.013,-0.18242896,1,0,0,0,0,0,0,0,0,0,0,1,0,1,0,0,0,0,0,0,0,0
S001191,Kyrsten Sinema,Democrat,1976,3,AZ-09,54.7,-0.102,0.057,0.26091728,1,0,1,1,1,0,0,0,0,0,0,0,0,0,0,0,0,0,0,0,0,0
D000612,Jeff Denham,Republican,1967,4,CA-10,48.5,0.306,0.212,0.27386746,1,0,0,0,1,0,0,0,0,0,0,0,0,0,0,0,0,0,0,0,0,0
K000379,Joseph Kennedy III,Democrat,1980,4,MA-04,59.2,-0.423,-0.175,-0.17283222,1,1,0,0,0,0,0,0,0,0,0,1,1,0,0,0,0,0,0,0,0,0
C001107,Carlos Curbelo,Republican,1980,2,FL-26,56.8,0.211,-0.185,0.052644357,1,0,0,0,1,0,0,0,0,0,0,0,0,0,0,0,0,0,0,0,0,0
B001301,Jack Bergman,Republican,1947,2,MI-01,36.6,0.434,0.053,0.34225664,1,0,0,0,0,1,0,0,0,0,0,1,0,0,0,0,1,0,0,0,0,0
A000372,Rick Allen,Republican,1951,3,GA-12,40.7,0.673,0.301,0.44289368,1,0,0,0,0,1,0,0,0,0,0,1,0,0,0,0,1,0,0,0,0,0
B001295,Mike Bost,Republican,1960,3,IL-12,40.2,0.27,0.505,0.3409404,1,0,0,0,0,1,0,0,0,0,0,1,0,0,0,0,1,0,0,0,0,0
L000586,Alfred Lawson,Democrat,1948,2,FL-05,61.3,-0.256,0.092,-0.17427105,1,0,0,0,0,0,0,0,0,0,0,1,0,1,0,0,0,0,0,0,0,0
F000372,Rodney Frelinghuysen,Republican,1946,12,NJ-11,47.9,0.292,-0.262,-0.017716182,1,0,0,0,0,0,0,1,0,1,1,0,0,0,0,0,0,0,0,0,0,0
L000480,Nita Lowey,Democrat,1937,16,NY-17,58.6,-0.389,-0.156,-0.41750404,1,0,0,0,0,0,0,0,1,1,1,1,0,0,0,0,0,0,0,1,1,1
C001048,John Culberson,Republican,1956,9,TX-07,48.5,0.503,0.366,0.15165696,1,0,0,0,0,1,0,0,0,0,1,0,0,0,0,0,0,0,0,0,0,0
S000248,Jose Serrano,Democrat,1943,16,NY-15,93.8,-0.491,-0.376,-0.18941317,1,1,0,0,0,0,0,0,0,0,1,1,1,0,0,0,0,0,0,0,0,1
C001051,John Carter,Republican,1941,9,TX-31,40.8,0.472,0.607,0.09941799,1,0,0,0,0,1,0,0,0,0,1,1,0,0,0,0,1,0,0,0,0,1
C000059,Ken Calvert,Republican,1953,14,CA-42,41.4,0.348,0.216,0.13019156,1,0,0,0,0,0,0,0,0,0,1,1,0,0,0,0,0,0,0,0,0,1
D000600,Mario Diaz-Balart,Republican,1961,9,FL-25,47.9,0.278,0.115,-0.15454222,1,0,0,0,0,0,0,0,0,0,1,1,0,0,0,0,0,0,0,0,0,1
G000577,Garret Graves,Republican,1972,3,LA-06,31.0,0.466,-0.077,0.2771812,1,0,0,0,0,1,0,0,0,0,0,1,0,0,0,0,1,0,0,0,0,0
B001269,Lou Barletta,Republican,1956,4,PA-11,34.7,0.278,0.393,0.123910315,1,0,0,0,0,0,0,0,0,0,0,0,0,0,0,0,0,0,0,0,0,0
R000609,John Rutherford (Florida),Republican,1952,2,FL-04,34.1,0.397,0.159,0.24375363,1,0,0,0,0,0,0,0,0,0,0,1,0,0,0,0,0,0,0,0,0,1
R000603,David Rouzer,Republican,1972,3,NC-07,38.7,0.575,0.204,0.35617656,1,0,0,0,0,1,0,0,0,0,0,1,0,0,0,0,1,0,0,0,0,0
W000791,Greg Walden,Republican,1957,11,OR-02,36.4,0.334,-0.016,0.20373243,1,0,0,0,0,0,0,1,0,1,0,1,0,0,0,0,0,0,1,0,1,0
R000486,Lucille Roybal-Allard,Democrat,1941,14,CA-40,82.2,-0.471,-0.191,-0.2696849,1,1,0,0,0,0,0,0,0,0,1,1,1,0,0,0,0,0,0,0,0,1
S001148,Michael K. Simpson,Republican,1950,11,ID-02,29.8,0.297,0.275,0.19866417,1,0,0,0,0,0,0,0,0,0,1,1,0,0,0,0,0,0,0,0,0,1
H001078,Karen Handel,Republican,1962,1,GA-06,46.8,0.493,0.305,0.3573445,1,0,0,0,0,0,0,0,0,0,0,0,0,0,0,0,0,0,0,0,0,0
H000324,Alcee L. Hastings,Democrat,1936,14,FL-20,80.2,-0.564,0.158,-0.3270732,1,0,0,0,0,0,0,0,0,0,1,1,0,0,0,0,0,0,0,0,0,1
M001184,Thomas Massie,Republican,1971,5,KY-04,29.3,0.678,-0.735,0.23974577,1,0,0,0,0,0,0,0,0,0,0,1,0,0,0,0,0,0,0,0,0,0
L000563,Daniel Lipinski,Democrat,1966,8,IL-03,55.2,-0.23,0.178,0.0410569,1,0,0,1,0,0,0,0,0,0,0,1,0,0,1,1,0,0,0,0,0,0
A000374,Ralph Abraham,Republican,1954,3,LA-05,34.1,0.527,0.301,0.3430874,1,0,0,0,0,0,0,0,0,0,0,1,0,0,0,0,1,0,0,0,0,0
R000602,Kathleen Rice,Democrat,1965,3,NY-04,53.4,-0.283,0.02,-0.34512213,1,0,1,0,0,0,0,0,0,0,0,1,0,1,0,0,0,0,0,0,0,0
R000578,David Reichert,Republican,1950,7,WA-08,47.7,0.224,-0.146,0.32855862,1,0,0,0,0,0,0,0,0,0,0,0,0,0,0,0,0,0,0,0,0,0
M001180,David McKinley,Republican,1947,5,WV-01,26.4,0.3,0.186,0.19999503,1,0,0,0,1,1,0,0,0,0,0,1,0,0,0,1,1,0,0,0,0,0
C001101,Katherine Clark,Democrat,1963,4,MA-05,69.3,-0.488,-0.386,-0.36676532,1,1,0,0,0,0,0,0,0,0,1,1,1,0,0,0,0,0,0,1,0,1
K000387,Stephen Knight,Republican,1966,2,CA-25,50.3,0.397,0.188,0.25347057,1,0,0,0,0,0,0,0,0,0,0,0,0,0,0,0,0,0,0,0,0,0
H001071,Jody Hice,Republican,1960,3,GA-10,35.8,0.784,-0.082,0.23932071,1,0,0,0,0,1,1,0,0,0,0,1,0,0,0,0,1,1,0,0,0,0
H001052,Andrew Harris,Republican,1957,5,MD-01,33.4,0.65,-0.364,0.25334778,1,0,0,0,0,1,1,0,0,0,1,1,0,0,0,0,0,1,0,0,0,1
J000299,Mike Johnson (Louisiana),Republican,1972,2,LA-04,36.6,0.556,-0.093,0.38941044,1,0,0,0,0,1,0,0,0,0,0,1,0,0,0,0,1,0,0,0,0,0
H001067,Richard Hudson,Republican,1971,4,NC-08,44.1,0.584,0.117,0.16915636,1,0,0,0,0,1,0,0,0,0,0,1,0,0,0,0,1,0,0,0,0,0
S001180,Kurt Schrader,Democrat,1951,6,OR-05,48.3,-0.192,0.062,-0.01606461,1,0,1,1,1,0,0,0,0,0,0,1,0,1,1,1,0,0,0,0,0,0
C001063,Henry Cuellar,Democrat,1955,8,TX-28,58.3,-0.227,0.624,0.11263985,1,0,1,1,0,0,0,0,0,0,1,1,0,1,1,0,0,0,0,0,0,1
G000584,Greg Gianforte,Republican,1961,2,MT-AL,35.9,0.423,0.099,0.42231625,1,0,0,0,0,0,0,0,0,0,0,1,0,0,0,0,1,0,0,0,0,0
P000606,Robert Pittenger,Republican,1948,3,NC-09,43.3,0.561,0.333,0.34077775,1,0,0,0,0,1,0,0,0,0,0,0,0,0,0,0,0,0,0,0,0,0
C000714,"John Conyers, Jr.",Democrat,1929,27,MI-13,78.8,-0.658,-0.512,-0.20401093,1,0,0,0,0,0,0,0,0,0,0,0,0,0,0,0,0,0,0,0,0,0
F000448,Trent Franks,Republican,1957,8,AZ-08,37.0,0.749,0.087,0.26827753,1,0,0,0,0,0,0,0,0,0,0,0,0,0,0,0,0,0,0,0,0,0
D000197,Diana DeGette,Democrat,1957,12,CO-01,69.0,-0.432,-0.313,-0.058101963,1,0,0,0,0,0,0,0,1,0,0,1,0,0,0,0,0,0,0,0,0,0
W000819,Mark Walker (North Carolina),Republican,1969,3,NC-06,59.4,0.642,0.018,0.37615004,1,0,0,0,0,1,0,0,0,0,0,1,0,0,0,0,1,0,1,0,0,0
M001160,Gwen Moore,Democrat,1951,8,WI-04,74.0,-0.53,-0.251,-0.3113812,1,1,0,0,0,0,0,0,0,0,0,1,1,0,0,0,0,0,0,0,0,0
A000055,Robert B. Aderholt,Republican,1965,12,AL-04,17.4,0.366,0.594,0.15776607,1,0,0,0,0,1,0,0,0,0,1,1,0,0,0,0,1,0,0,0,0,1
M001199,Brian Mast,Republican,1980,2,FL-18,44.1,0.403,-0.264,0.16190387,1,0,0,0,0,0,0,0,0,0,0,1,0,0,0,0,0,0,0,0,0,0
W000814,Randy Weber,Republican,1953,4,TX-14,38.4,0.7,0.051,0.44043007,1,0,0,0,0,0,1,0,0,0,0,1,0,0,0,0,1,1,0,0,0,0
R000591,Martha Roby,Republican,1976,5,AL-02,33.0,0.362,0.655,0.32020643,1,0,0,0,0,0,0,0,0,0,1,1,0,0,0,0,0,0,0,0,0,1
G000585,Jimmy Gomez,Democrat,1974,2,CA-34,83.6,-0.602,-0.023,-0.2690808,1,1,0,0,0,0,0,0,0,0,0,1,1,0,0,0,0,0,0,0,0,0
H001047,Jim Himes,Democrat,1966,6,CT-04,59.6,-0.241,-0.245,-0.12964703,1,0,1,0,0,0,0,0,0,0,0,1,0,1,0,1,0,0,0,0,0,0
G000558,Brett Guthrie,Republican,1964,6,KY-02,27.6,0.417,0.267,0.20420255,1,0,0,0,0,1,0,0,0,0,0,1,0,0,0,0,1,0,0,0,0,0
S001192,Chris Stewart,Republican,1960,4,UT-02,32.0,0.529,0.147,0.24831349,1,0,0,0,0,1,0,0,0,0,1,1,0,0,0,0,1,0,0,0,0,1
F000455,Marcia L. Fudge,Democrat,1952,7,OH-11,80.5,-0.58,0.14,-0.010363649,1,1,0,0,0,0,0,0,0,0,0,1,1,0,0,0,0,0,0,0,0,0
S001165,Albio Sires,Democrat,1951,8,NJ-08,75.7,-0.405,0.094,-0.37112474,1,0,0,0,0,0,0,0,0,0,0,1,0,0,0,0,0,0,0,0,0,0
G000581,Vicente Gonzalez Jr.,Democrat,1967,2,TX-15,56.7,-0.378,0.675,-0.0067390366,1,0,0,1,1,0,0,0,0,0,0,1,0,1,1,1,0,0,0,0,0,0
C001109,Liz Cheney,Republican,1966,2,WY-AL,22.5,0.503,0.52,0.25769174,1,0,0,0,0,1,0,0,0,0,0,1,0,0,0,0,1,0,1,0,0,0
L000584,Mia Love,Republican,1975,2,UT-04,32.4,0.542,-0.056,0.24130893,1,0,0,0,0,1,0,0,0,0,0,0,0,0,0,0,0,0,0,0,0,0
L000564,Doug Lamborn,Republican,1954,7,CO-05,33.2,0.68,0.195,0.41372934,1,0,0,0,0,1,0,0,0,0,0,1,0,0,0,0,1,0,0,0,0,0
N000190,Ralph Norman,Republican,1953,2,SC-05,38.8,0.781,-0.165,0.39240485,1,0,0,0,0,1,0,0,0,0,0,1,0,0,0,0,1,1,0,0,0,0
S001150,Adam Schiff,Democrat,1960,10,CA-28,72.1,-0.349,-0.13,-0.25526586,1,0,1,0,0,0,0,0,1,1,0,1,0,1,0,0,0,0,0,1,1,0
C001072,Andre Carson,Democrat,1974,7,IN-07,59.0,-0.43,0.057,-0.22962776,1,1,1,0,0,0,0,0,0,0,0,1,1,1,0,0,0,0,0,0,0,0
H001073,Will Hurd,Republican,1977,3,TX-23,49.8,0.297,0.228,0.098509885,1,0,0,0,0,0,0,0,0,0,0,1,0,0,0,0,0,0,0,0,0,1
H001045,Gregg Harper,Republican,1956,5,MS-03,36.8,0.384,0.48,-0.5277399,1,0,0,0,0,1,0,1,0,1,0,0,0,0,0,0,0,0,0,0,0,0
B001227,Robert A. Brady,Democrat,1945,11,PA-01,49.1,-0.484,0.225,-0.8412244,1,0,0,0,0,0,0,0,1,1,0,0,0,0,0,0,0,0,0,0,0,0
B001281,Joyce Beatty,Democrat,1950,4,OH-03,67.0,-0.429,0.068,-0.2956643,1,0,0,0,0,0,0,0,0,0,0,1,0,0,0,0,0,0,0,0,0,0
S001196,Elise Stefanik,Republican,1984,3,NY-21,40.0,0.219,0.001,0.030160557,1,0,0,0,0,0,0,0,0,0,0,1,0,0,0,0,0,0,0,0,0,0
L000397,Zoe Lofgren,Democrat,1947,13,CA-19,72.9,-0.402,-0.446,-0.19525808,1,1,0,0,0,0,0,0,0,0,0,1,1,0,0,0,0,0,0,1,1,0
G000574,Ruben Gallego,Democrat,1979,3,AZ-07,71.8,-0.451,-0.022,-0.23612982,1,1,0,0,0,0,0,0,0,0,0,1,1,0,0,0,0,0,0,0,0,0
L000582,Ted Lieu,Democrat,1969,3,CA-33,67.8,-0.367,-0.257,-0.34248096,1,1,0,0,0,0,0,0,0,0,0,1,1,0,0,0,0,0,0,0,0,0
M001196,Seth Moulton,Democrat,1978,3,MA-06,56.1,-0.286,-0.081,-0.13063562,1,0,1,0,0,0,0,0,0,0,0,1,0,1,0,0,0,0,0,0,0,0
P000597,Chellie Pingree,Democrat,1955,6,ME-01,54.1,-0.421,-0.404,-0.12788327,1,1,0,0,0,0,0,0,0,0,1,1,1,0,0,0,0,0,0,0,0,1
O000171,Tom O'Halleran,Democrat,1946,2,AZ-01,46.6,-0.181,0.151,0.018238135,1,0,1,1,0,0,0,0,0,0,0,1,0,1,1,1,0,0,0,0,0,0
S001201,Tom Suozzi,Democrat,1962,2,NY-03,51.6,-0.209,0.089,-0.09615709,1,0,0,0,1,0,0,0,0,0,0,1,0,1,0,1,0,0,0,0,0,0
C001061,Emanuel Cleaver,Democrat,1944,8,MO-05,54.1,-0.453,0.018,-0.08250847,1,0,0,0,0,0,0,0,0,0,0,1,0,0,0,0,0,0,0,0,0,0
C001111,Charlie Crist,Democrat,1956,2,FL-13,49.6,-0.216,0.015,-0.109469794,1,1,1,1,0,0,0,0,0,0,0,1,0,1,1,1,0,0,0,0,0,1
M001197,Martha McSally,Republican,1966,2,AZ-02,49.6,0.345,0.025,0.08892365,1,0,0,0,0,0,0,0,0,0,0,0,0,0,0,0,0,0,0,0,0,0
J000174,Sam Johnson,Republican,1930,14,TX-03,40.6,0.61,0.277,0.071361914,1,0,0,0,0,1,0,0,0,0,0,0,0,0,0,0,0,0,0,0,0,0
H001056,Jaime Herrera Beutler,Republican,1978,5,WA-03,42.5,0.363,-0.2,0.102203034,1,0,0,0,0,0,0,0,0,0,1,1,0,0,0,0,0,0,0,0,0,1
S001170,Carol Shea-Porter,Democrat,1952,4,NH-01,46.6,-0.315,-0.131,-0.20767611,1,1,0,0,0,0,0,0,0,0,0,0,0,0,0,0,0,0,0,0,0,0
B001303,Lisa Blunt Rochester,Democrat,1962,2,DE-AL,53.4,-0.326,-0.134,-0.20846336,1,0,1,0,0,0,0,0,0,0,0,1,1,1,0,0,0,0,0,0,0,0
Y000066,David Young (Iowa politician),Republican,1968,2,IA-03,45.0,0.442,-0.038,0.260646,1,0,0,0,0,0,0,0,0,0,0,0,0,0,0,0,0,0,0,0,0,0
J000126,Eddie Bernice Johnson,Democrat,1935,14,TX-30,79.1,-0.485,0.205,-0.20679428,1,1,0,0,0,0,0,0,1,1,0,1,0,0,0,0,0,0,0,1,1,0
S001189,Austin Scott,Republican,1969,5,GA-08,34.4,0.572,0.166,0.21936432,1,0,0,0,0,1,0,0,0,0,0,1,0,0,0,0,1,0,0,0,0,0
U000031,Fred Upton,Republican,1953,17,MI-06,42.9,0.336,-0.385,0.28250015,1,0,0,0,0,0,0,0,0,0,0,1,0,0,0,1,0,0,0,0,0,0
B001275,Larry Bucshon,Republican,1962,5,IN-08,30.9,0.404,0.251,0.54867166,1,0,0,0,0,0,0,0,0,0,0,1,0,0,0,0,1,0,0,0,0,0
B000490,Sanford Bishop Jr.,Democrat,1947,14,GA-02,55.0,-0.282,0.465,0.028558172,1,0,0,1,0,0,0,0,0,0,1,1,0,0,1,0,0,0,0,0,0,1
K000378,Adam Kinzinger,Republican,1978,5,IL-16,38.3,0.271,0.311,0.043554764,1,0,0,0,1,0,0,0,0,0,0,1,0,0,0,1,0,0,0,0,0,0
R000588,Cedric Richmond,Democrat,1973,5,LA-02,74.6,-0.482,0.326,-0.22594406,1,0,1,0,0,0,0,0,0,0,0,1,0,1,0,0,0,0,0,0,0,0
M001188,Grace Meng,Democrat,1975,4,NY-06,65.1,-0.379,-0.147,-0.27664322,1,0,0,0,0,0,0,0,0,0,1,1,0,0,0,0,0,0,0,0,0,1
V000132,Filemon Vela,Democrat,1963,4,TX-34,59.2,-0.313,0.42,-0.06680132,1,0,0,1,0,0,0,0,0,0,0,1,0,0,1,0,0,0,0,0,0,0
I000056,Darrell Issa,Republican,1953,9,CA-49,50.7,0.506,-0.085,0.11991921,1,0,0,0,0,1,0,0,0,0,0,0,0,0,0,0,0,0,0,0,0,0
D000614,Sean Duffy,Republican,1971,5,WI-07,37.3,0.511,-0.109,0.19892615,1,0,0,0,1,1,0,0,0,0,0,1,0,0,0,0,0,0,0,0,0,0
R000597,Tom Rice (South Carolina),Republican,1957,4,SC-07,39.1,0.6,-0.275,0.23632693,1,0,0,0,1,1,0,0,0,0,0,1,0,0,0,1,1,0,0,0,0,0
C001092,Chris Collins,Republican,1950,4,NY-27,35.2,0.357,0.236,0.32875586,1,0,0,0,0,1,0,0,0,0,0,1,0,0,0,0,1,0,1,0,0,0
P000608,Scott Peters,Democrat,1958,4,CA-52,58.1,-0.178,-0.049,-0.023385128,1,0,1,0,0,0,0,0,0,0,0,1,0,1,0,1,0,0,0,0,0,0
D000615,Jeff Duncan,Republican,1966,5,SC-03,29.0,0.73,-0.192,0.36348617,1,0,0,0,0,0,0,0,0,0,0,1,0,0,0,0,1,1,0,0,0,0
C001076,Jason Chaffetz,Republican,1967,5,UT-03,23.3,0.647,-0.278,0.21593927,1,0,0,0,0,0,0,0,0,0,0,0,0,0,0,0,0,0,0,0,0,0
C000984,Elijah Cummings,Democrat,1951,13,MD-07,75.8,-0.438,-0.148,-0.16850019,1,1,0,0,0,0,0,0,1,1,0,1,0,0,0,0,0,0,0,0,0,0
R000601,John Ratcliffe,Republican,1965,3,TX-04,21.8,0.702,0.134,0.11391726,1,0,0,0,0,1,0,0,0,0,0,1,0,0,0,0,1,0,0,0,0,0
P000258,Collin Peterson,Democrat,1944,15,MN-07,31.0,-0.148,0.711,0.24937986,1,0,0,1,0,0,0,0,1,1,0,1,0,0,1,0,0,0,0,1,1,0
P000599,Bill Posey,Republican,1947,6,FL-08,37.7,0.521,-0.319,0.14680836,1,0,0,0,0,1,1,0,0,0,0,1,0,0,0,0,1,1,0,0,0,0
Q000023,Michael Quigley,Democrat,1958,6,IL-05,70.5,-0.32,-0.288,-0.23972602,1,0,1,0,1,0,0,0,0,0,1,1,0,1,0,1,0,0,0,0,0,1
G000560,Tom Graves,Republican,1970,6,GA-14,22.1,0.727,-0.016,0.18846397,1,0,0,0,0,1,0,0,0,0,1,1,0,0,0,0,0,0,0,0,0,1
P000609,Gary Palmer,Republican,1954,3,AL-06,26.1,0.715,-0.044,0.25505528,1,0,0,0,0,1,1,0,0,0,0,1,0,0,0,0,1,1,1,0,0,0
S001156,Linda Sánchez,Democrat,1969,9,CA-38,67.0,-0.508,-0.139,-0.39726302,1,1,0,0,0,0,0,0,1,0,0,1,1,0,0,0,0,0,0,0,0,0
B001304,Anthony Brown (Maryland),Democrat,1961,2,MD-04,77.2,-0.342,-0.159,-0.27204105,1,0,1,0,0,0,0,0,0,0,0,1,0,1,0,0,0,0,0,0,0,0
C001087,Rick Crawford,Republican,1966,5,AR-01,30.2,0.402,0.492,0.30407247,1,0,0,0,0,0,0,0,0,0,0,1,0,0,0,0,0,0,0,0,0,0
C001096,Kevin Cramer,Republican,1961,3,ND-AL,27.7,0.388,0.297,0.39895776,1,0,0,0,0,1,0,0,0,0,0,0,0,0,0,0,0,0,0,0,0,0
K000375,Bill Keating,Democrat,1952,5,MA-09,52.5,-0.328,-0.134,-0.06071161,1,0,1,0,0,0,0,0,0,0,0,1,0,1,0,0,0,0,0,0,0,0
L000554,Frank LoBiondo,Republican,1946,12,NJ-02,46.0,0.211,-0.224,0.22044498,1,0,0,0,0,0,0,0,0,0,0,0,0,0,0,0,0,0,0,0,0,0
P000605,Scott Perry,Republican,1962,4,PA-10,43.4,0.628,-0.351,0.2349158,1,0,0,0,1,0,1,0,0,0,0,1,0,0,0,1,0,1,0,0,0,0
K000210,Peter T. King,Republican,1944,14,NY-02,43.9,0.26,-0.033,-0.10561579,1,0,0,0,0,0,0,0,0,0,0,1,0,0,0,0,0,0,0,0,0,0
S000051,Mark Sanford,Republican,1960,6,SC-01,40.4,0.686,-0.728,0.1562236,1,0,0,0,0,1,1,0,0,0,0,0,0,0,0,0,0,0,0,0,0,0
M001151,Tim Murphy (American politician),Republican,1952,8,PA-18,62.1,0.258,0.198,0.078744374,1,0,0,0,0,0,0,0,0,0,0,0,0,0,0,0,0,0,0,0,0,0
R000583,Thomas J. Rooney,Republican,1970,5,FL-17,35.0,0.458,0.013,0.25216827,1,0,0,0,1,1,0,0,0,0,0,0,0,0,0,0,0,0,0,0,0,0
M001156,Patrick T. McHenry,Republican,1975,8,NC-10,29.6,0.555,0.07,0.10664328,1,0,0,0,0,0,0,1,0,0,0,1,0,0,0,0,1,0,1,0,1,0
C001049,William Lacy Clay,Democrat,1956,10,MO-01,77.0,-0.48,-0.079,-0.1781987,1,1,0,0,0,0,0,0,0,0,0,1,1,0,0,0,0,0,0,0,0,0
R000395,Harold Rogers,Republican,1937,20,KY-05,17.5,0.335,0.106,-0.07823785,1,0,0,0,0,0,0,0,0,0,1,1,0,0,0,0,0,0,0,0,0,1
G000377,Kay Granger,Republican,1943,12,TX-12,32.7,0.396,0.238,0.071218744,1,0,0,0,0,1,0,0,0,0,1,1,0,0,0,0,1,0,1,0,1,1
D000604,Charles W. Dent,Republican,1960,7,PA-15,26.5,0.244,-0.085,-0.081388645,1,0,0,0,1,0,0,0,0,0,1,0,0,0,0,0,0,0,0,0,0,0
V000108,Peter J. Visclosky,Democrat,1949,18,IN-01,54.1,-0.402,0.244,-0.15091516,1,0,0,0,0,0,0,0,0,0,1,1,0,0,0,0,0,0,0,0,0,1
G000566,Trey Gowdy,Republican,1964,4,SC-04,34.5,0.655,-0.002,0.22586727,1,0,0,0,0,1,0,1,0,1,0,0,0,0,0,0,0,0,0,0,0,0
M001187,"Mark Meadows, North Carolina",Republican,1959,4,NC-11,39.9,0.604,-0.201,0.16221695,1,0,0,0,1,1,1,0,0,0,0,1,0,0,0,1,0,1,0,0,0,0
B001290,David Brat,Republican,1964,3,VA-07,44.0,0.829,-0.325,0.23296687,1,0,0,0,0,0,1,0,0,0,0,0,0,0,0,0,0,0,0,0,0,0
L000576,Billy Long,Republican,1955,5,MO-07,24.7,0.543,0.242,0.11067026,1,0,0,0,0,1,0,0,0,0,0,1,0,0,0,0,0,0,0,0,0,0
D000624,Debbie Dingell,Democrat,1953,3,MI-12,60.8,-0.409,-0.127,-0.09193071,1,1,0,0,0,0,0,0,0,0,0,1,1,0,0,0,0,0,0,1,0,0
B001287,Ami Bera,Democrat,1965,4,CA-07,52.3,-0.23,0.012,-0.15348315,1,0,1,0,1,0,0,0,0,0,0,1,0,1,0,1,0,0,0,0,0,0
B001274,Mo Brooks,Republican,1954,5,AL-05,31.3,0.644,-0.452,0.38594702,1,0,0,0,0,1,1,0,0,0,0,1,0,0,0,0,1,1,0,0,0,0
M001190,Markwayne Mullin,Republican,1977,4,OK-02,22.8,0.515,0.418,0.3049355,1,0,0,0,0,1,0,0,0,0,0,1,0,0,0,0,1,0,0,0,0,0
B001270,Karen Bass,Democrat,1953,5,CA-37,85.7,-0.584,-0.101,-0.27382776,1,1,0,0,0,0,0,0,0,0,0,1,1,0,0,0,0,0,0,0,0,0
B001260,Vern Buchanan,Republican,1951,7,FL-16,43.0,0.36,-0.14,0.26159376,1,0,0,0,0,1,0,0,0,0,0,1,0,0,0,0,0,0,0,0,0,0
L000570,Ben Ray Luján,Democrat,1972,6,NM-03,51.8,-0.367,0.018,-0.12621991,1,0,0,0,0,0,0,0,1,0,0,1,0,0,0,0,0,0,0,1,0,0
W000808,Frederica Wilson,Democrat,1942,5,FL-24,82.9,-0.475,-0.018,-0.15079844,1,1,0,0,0,0,0,0,0,0,0,1,1,0,0,0,0,0,0,0,0,0
M001185,Sean Maloney,Democrat,1966,4,NY-18,47.1,-0.236,0.117,0.018487157,1,0,1,0,0,0,0,0,0,0,0,1,0,0,0,1,0,0,0,1,0,0
H001050,Colleen Hanabusa,Democrat,1951,4,HI-01,63.1,-0.37,0.004,0.14676104,1,0,1,0,0,0,0,0,0,0,0,0,0,0,0,0,0,0,0,0,0,0
M001137,Gregory Meeks,Democrat,1953,12,NY-05,85.7,-0.413,-0.075,-0.24590077,1,0,1,0,0,0,0,0,0,0,0,1,0,1,0,0,0,0,0,0,0,0
C001094,Paul Cook,Republican,1943,4,CA-08,39.6,0.379,0.194,0.13847628,1,0,0,0,0,0,0,0,0,0,0,1,0,0,0,1,0,0,0,0,0,0
S000244,Jim Sensenbrenner,Republican,1943,21,WI-05,37.3,0.64,-0.59,0.059575167,1,0,0,0,0,0,0,0,0,0,0,1,0,0,0,0,0,0,0,0,0,0
J000289,Jim Jordan,Republican,1964,7,OH-04,30.7,0.718,-0.225,0.2847349,1,0,0,0,0,1,1,0,0,0,0,1,0,0,0,0,1,1,1,0,1,0
D000616,Scott DesJarlais,Republican,1964,5,TN-04,27.4,0.579,-0.097,0.31058398,1,0,0,0,1,1,1,0,0,0,0,1,0,0,0,1,1,1,0,0,0,0
L000565,Dave Loebsack,Democrat,1952,7,IA-02,45.0,-0.276,-0.032,0.25887683,1,1,0,0,1,0,0,0,0,0,0,1,1,0,0,1,0,0,0,0,0,0
R000576,Dutch Ruppersberger,Democrat,1946,9,MD-02,60.1,-0.295,0.133,-0.11749457,1,0,0,0,0,0,0,0,0,0,1,1,0,0,0,0,0,0,0,0,0,1
W000806,Daniel Webster,Republican,1949,5,FL-11,32.5,0.509,-0.045,0.19009341,1,0,0,0,0,1,0,0,0,0,0,1,0,0,0,0,0,0,0,0,0,0
A000369,Mark Amodei,Republican,1958,5,NV-02,39.7,0.381,0.195,0.46140507,1,0,0,0,0,0,0,0,0,0,0,1,0,0,0,0,0,0,0,0,0,1
L000491,Frank D. Lucas,Republican,1960,14,OK-03,20.9,0.362,0.414,0.35886246,1,0,0,0,0,0,0,0,0,0,0,1,0,0,0,0,0,0,1,0,1,0
B001283,Jim Bridenstine,Republican,1975,3,OK-01,32.7,0.689,-0.157,0.6127675,1,0,0,0,0,1,1,0,0,0,0,0,0,0,0,0,0,0,0,0,0,0
M001194,John Moolenaar,Republican,1961,3,MI-04,34.7,0.402,0.445,0.37408537,1,0,0,0,0,1,0,0,0,0,1,1,0,0,0,0,1,0,0,0,0,1
P000588,Steve Pearce,Republican,1947,7,NM-02,39.9,0.472,0.064,0.4672124,1,0,0,0,0,0,1,0,0,0,0,0,0,0,0,0,0,0,0,0,0,0
C001105,Barbara Comstock,Republican,1959,2,VA-10,52.2,0.276,0.389,0.10373327,1,0,0,0,1,0,0,0,0,0,0,0,0,0,0,0,0,0,0,0,0,0
V000129,David G. Valadao,Republican,1977,3,CA-21,55.2,0.253,0.411,0.062912114,1,0,0,0,1,0,0,0,0,0,1,0,0,0,0,0,0,0,0,0,0,0
B001294,Rod Blum,Republican,1955,2,IA-01,45.2,0.527,-0.488,0.29610753,1,0,0,0,0,0,1,0,0,0,0,0,0,0,0,0,0,0,0,0,0,0
C000754,Jim Cooper,Democrat,1954,15,TN-05,56.5,-0.162,-0.033,0.15135245,1,0,1,1,1,0,0,0,0,0,0,1,0,1,1,1,0,0,0,0,0,0
F000459,Charles Fleischmann,Republican,1962,5,TN-03,30.2,0.455,0.299,0.18593252,1,0,0,0,0,1,0,0,0,0,1,1,0,0,0,0,1,0,0,0,0,1
A000367,Justin Amash,Libertarian,1980,5,MI-03,42.2,0.279,-0.96,0.114731595,1,0,0,0,0,0,1,0,0,0,0,1,0,0,0,0,0,0,0,0,0,0
M001193,Tom MacArthur,Republican,1960,2,NJ-03,45.2,0.206,0.274,0.19310702,1,0,0,0,1,0,0,0,0,0,0,0,0,0,0,0,0,0,0,0,0,0
C001115,Michael Cloud (Texas),Republican,1975,2,TX-27,36.5,0.637,-0.233,0.28842688,1,0,0,0,0,0,0,0,0,0,0,1,0,0,0,0,1,1,0,0,0,0
L000589,Debbie Lesko,Republican,1958,2,AZ-08,37.0,0.606,-0.055,0.12596212,1,0,0,0,0,0,0,0,0,0,0,1,0,0,0,0,1,1,0,0,0,1
L000588,Conor Lamb,Democrat,1984,2,PA-17,46.8,-0.111,0.112,0.20575005,1,0,0,0,0,0,0,0,0,0,0,1,0,0,0,0,0,0,0,0,0,0
J000295,David Joyce,Republican,1957,4,OH-14,42.1,0.265,0.271,0.05249294,1,0,0,0,1,1,0,0,0,0,1,1,0,0,0,1,1,0,0,0,0,1
W000826,Susan Wild,Democrat,1957,2,PA-07,48.7,-0.447,0.756,-0.16200219,1,0,0,0,0,0,0,0,0,0,0,1,1,1,0,0,0,0,0,0,0,0
S001205,Mary Gay Scanlon,Democrat,1959,2,PA-05,62.6,-0.485,-0.043,-0.30503646,1,0,0,0,0,0,0,0,0,0,0,1,1,0,0,0,0,0,0,0,0,1
H001082,Kevin Hern,Republican,1961,2,OK-01,32.7,0.686,0.036,0.3550731,1,0,0,0,0,0,0,0,0,0,0,1,0,0,0,0,1,0,0,0,0,0
M001206,Joseph Morelle,Democrat,1957,2,NY-25,55.5,-0.307,0.084,-0.1865067,1,0,0,0,0,0,0,0,0,0,0,1,1,0,0,0,0,0,0,0,0,1
J000303,Brenda Jones (Michigan),Democrat,1959,1,MI-13,78.8,-0.565,0.449,-0.60556304,1,0,0,0,0,0,0,0,0,0,0,0,0,0,0,0,0,0,0,0,0,0
H001066,Steven Horsford,Democrat,1973,2,NV-04,49.5,-0.351,0.089,-0.38300413,0,0,0,0,0,0,0,0,0,0,0,1,1,1,0,0,0,0,0,0,0,0
J000301,Dusty Johnson,Republican,1976,1,SD-AL,31.7,0.485,0.035,0.20231117,0,0,0,0,0,0,0,0,0,0,0,1,0,0,0,0,1,0,0,0,0,0
W000827,Ronald Wright,Republican,1953,1,TX-06,41.9,0.747,0.021,0.24532752,0,0,0,0,0,0,0,0,0,0,0,1,0,0,0,0,1,1,0,0,0,0
S001216,Kim Schrier,Democrat,1968,1,WA-08,47.7,-0.34,0.451,-0.14353259,0,0,0,0,0,0,0,0,0,0,0,1,0,1,0,0,0,0,0,0,0,0
K000395,Fred Keller (politician),Republican,1965,1,PA-12,29.7,0.476,0.24,0.31279957,0,0,0,0,0,0,0,0,0,0,0,1,0,0,0,0,0,0,0,0,0,0
H001081,Jahana Hayes,Democrat,1973,1,CT-05,49.9,-0.321,-0.131,-0.27893236,0,0,0,0,0,0,0,0,0,0,0,1,1,0,0,0,0,0,0,0,0,0
M001205,Carol Miller (West Virginia),Republican,1950,1,WV-03,23.3,0.453,0.387,0.31048727,0,0,0,0,0,0,0,0,0,0,0,1,0,0,0,0,0,0,0,0,0,0
M001210,Gregory Murphy,Republican,1963,1,NC-03,36.5,0.694,0.415,0.2088682,0,0,0,0,0,0,0,0,0,0,0,1,0,0,0,0,0,1,0,0,0,0
S001206,Donna Shalala,Democrat,1941,1,FL-27,58.5,-0.359,-0.126,-0.28770974,0,0,0,0,0,0,0,0,0,0,0,1,0,0,0,0,0,0,0,0,0,1
P000614,Chris Pappas,Democrat,1980,1,NH-01,46.6,-0.42,0.322,-0.16088895,0,0,0,0,0,0,0,0,0,0,0,1,0,1,0,0,0,0,0,0,0,0
T000482,Lori Trahan,Democrat,1973,1,MA-03,58.2,-0.513,-0.233,-0.30361685,0,0,0,0,0,0,0,0,0,0,0,1,0,1,0,0,0,0,0,0,0,0
B001307,James Baird,Republican,1945,1,IN-04,30.2,0.409,0.652,0.48538148,0,0,0,0,0,0,0,0,0,0,0,1,0,0,0,0,1,0,0,0,0,0
P000615,Greg Pence,Republican,1956,1,IN-06,27.4,0.421,0.621,0.5033248,0,0,0,0,0,0,0,0,0,0,0,1,0,0,0,0,0,0,0,0,0,0
M001159,Cathy McMorris Rodgers,Republican,1969,8,WA-05,39.1,0.425,0.117,0.31672263,1,0,0,0,0,1,0,0,0,0,0,1,0,0,0,0,1,0,0,0,0,0
J000302,John Joyce (Pennsylvania),Republican,1957,1,PA-13,25.5,0.527,0.173,0.35129306,0,0,0,0,0,0,0,0,0,0,0,1,0,0,0,0,0,0,0,0,0,0
M001207,Debbie Mucarsel-Powell,Democrat,1971,1,FL-26,56.8,-0.35,0.246,-0.35596532,0,0,0,0,0,0,0,0,0,0,0,1,1,1,0,0,0,0,0,0,0,0
T000483,David Trone,Democrat,1955,1,MD-06,55.3,-0.258,-0.145,-0.09942136,0,0,0,0,0,0,0,0,0,0,0,1,0,1,0,0,0,0,0,0,0,0
K000394,Andrew Kim (New Jersey),Democrat,1982,1,NJ-03,45.2,-0.276,0.46,-0.24839531,0,0,0,0,0,0,0,0,0,0,0,1,1,0,0,0,0,0,0,0,0,0
W000823,Michael Waltz,Republican,1974,1,FL-06,39.9,0.398,-0.141,0.14448574,0,0,0,0,0,0,0,0,0,0,0,1,0,0,0,0,1,0,0,0,0,0
T000481,Rashida Tlaib,Democrat,1976,1,MI-13,78.8,-0.315,-0.949,-0.36786377,0,0,0,0,0,0,0,0,0,0,0,1,1,0,0,0,0,0,0,0,0,0
U000040,Lauren Underwood,Democrat,1986,1,IL-14,44.8,-0.549,0.599,-0.2295204,0,0,0,0,0,0,0,0,0,0,0,1,0,0,0,0,0,0,0,0,0,0
C001121,Jason Crow,Democrat,1979,1,CO-06,50.2,-0.25,0.374,-0.18481362,0,0,0,0,0,0,0,0,0,0,0,1,0,1,0,0,0,0,0,0,0,0
G000587,Sylvia Garcia,Democrat,1950,1,TX-29,71.1,-0.772,0.56,-0.40132597,0,0,0,0,0,0,0,0,0,0,0,1,1,0,0,0,0,0,0,0,0,0
M001208,Lucy McBath,Democrat,1960,1,GA-06,46.8,-0.241,0.288,-0.30843386,0,0,0,0,0,0,0,0,0,0,0,1,0,1,0,0,0,0,0,0,0,0
A000378,Cindy Axne,Democrat,1965,1,IA-03,45.0,-0.23,0.596,0.06437395,0,0,0,0,0,0,0,0,0,0,0,1,0,1,0,0,0,0,0,0,0,0
M001204,Dan Meuser,Republican,1964,1,PA-09,31.0,0.583,0.466,0.3631018,0,0,0,0,0,0,0,0,0,0,0,1,0,0,0,0,1,0,0,0,0,0
C001117,Sean Casten,Democrat,1971,1,IL-06,50.2,-0.31,0.073,-0.11583026,0,0,0,0,0,0,0,0,0,0,0,1,0,1,0,0,0,0,0,0,0,0
W000825,Jennifer Wexton,Democrat,1968,1,VA-10,52.2,-0.382,0.466,-0.23380138,0,0,0,0,0,0,0,0,0,0,0,1,0,1,0,0,0,0,0,0,0,0
P000616,Dean Phillips,Democrat,1969,1,MN-03,50.8,-0.237,-0.047,-0.19311912,0,0,0,0,0,0,0,0,0,0,0,1,0,1,0,1,0,0,0,0,0,0
B001308,Anthony Brindisi,Democrat,1978,1,NY-22,39.3,-0.147,0.563,0.16637814,0,0,0,0,0,0,0,0,0,0,0,1,0,1,1,0,0,0,0,0,0,0
G000588,Anthony Gonzalez,Republican,1984,1,OH-16,39.5,0.278,0.235,0.14015429,0,0,0,0,0,0,0,0,0,0,0,1,0,0,0,0,0,0,0,0,0,0
S001207,Mikie Sherrill,Democrat,1972,1,NJ-11,47.9,-0.183,0.277,-0.13689627,0,0,0,0,0,0,0,0,0,0,0,1,0,1,1,0,0,0,0,0,0,0
B001311,Dan Bishop,Republican,1964,1,NC-09,43.3,0.791,-0.267,0.21073279,0,0,0,0,0,0,0,0,0,0,0,1,0,0,0,0,0,0,0,0,0,0
T000479,Van Taylor,Republican,1972,1,TX-03,40.6,0.542,-0.144,0.2994394,0,0,0,0,0,0,0,0,0,0,0,1,0,0,0,0,1,0,0,0,0,0
C001122,Joe Cunningham,Democrat,1982,1,SC-01,40.4,-0.12,0.45,-0.009657974,0,0,0,0,0,0,0,0,0,0,0,1,0,1,1,0,0,0,0,0,0,0
S001210,Ross Spano,Republican,1966,1,FL-15,43.1,0.452,-0.012,0.28256336,0,0,0,0,0,0,0,0,0,0,0,1,0,0,0,0,0,0,0,0,0,0
V000133,Jeff Van Drew,Republican,1953,1,NJ-02,46.0,-0.149,0.624,0.30689526,0,0,0,0,0,0,0,0,0,0,0,1,0,0,1,1,0,0,0,0,0,0
L000590,Susie Lee,Democrat,1966,1,NV-03,46.5,-0.29,0.358,-0.20147079,0,0,0,0,0,0,0,0,0,0,0,1,0,1,0,1,0,0,0,0,0,0
H001083,Kendra Horn,Democrat,1976,1,OK-05,39.8,-0.183,0.524,0.02577325,0,0,0,0,0,0,0,0,0,0,0,1,0,1,1,0,0,0,0,0,0,0
D000630,Antonio Delgado (New York),Democrat,1977,1,NY-19,44.0,-0.183,0.117,-0.02372971,0,0,0,0,0,0,0,0,0,0,0,1,1,0,0,0,0,0,0,0,0,0
L000592,Andy Levin,Democrat,1960,1,MI-09,51.5,-0.439,-0.522,-0.28839418,0,0,0,0,0,0,0,0,0,0,0,1,1,0,0,0,0,0,0,0,0,0
C001123,Gil Cisneros,Democrat,1972,1,CA-39,51.5,-0.384,0.588,-0.25071704,0,0,0,0,0,0,0,0,0,0,0,1,1,1,0,0,0,0,0,0,0,0
M001203,Tom Malinowski,Democrat,1965,1,NJ-07,48.6,-0.252,0.018,-0.12545654,0,0,0,0,0,0,0,0,0,0,0,1,0,0,0,0,0,0,0,0,0,0
G000592,Jared Golden,Democrat,1982,1,ME-02,41.1,-0.178,0.564,-0.107574984,0,0,0,0,0,0,0,0,0,0,0,1,0,0,0,0,0,0,0,0,0,0
S001212,Pete Stauber,Republican,1966,1,MN-08,38.6,0.292,0.214,0.24439885,0,0,0,0,0,0,0,0,0,0,0,1,0,0,0,1,1,0,0,0,0,0
B001306,Troy Balderson,Republican,1962,2,OH-12,41.9,0.449,0.54,0.18580133,1,0,0,0,0,0,0,0,0,0,0,1,0,0,0,0,1,0,0,0,0,0
B001309,Tim Burchett,Republican,1964,1,TN-02,29.7,0.72,-0.219,0.3363686,0,0,0,0,0,0,0,0,0,0,0,1,0,0,0,0,1,0,0,0,0,0
L000593,Mike Levin,Democrat,1978,1,CA-49,50.7,-0.399,0.105,-0.26148894,0,0,0,0,0,0,0,0,0,0,0,1,1,0,0,0,0,0,0,0,0,0
N000191,Joe Neguse,Democrat,1984,1,CO-02,56.2,-0.428,-0.551,-0.1143526,0,0,0,0,0,0,0,0,0,0,0,1,1,0,0,0,0,0,0,0,0,0
C001124,TJ Cox,Democrat,1963,1,CA-21,55.2,-0.323,0.379,-0.14696003,0,0,0,0,0,0,0,0,0,0,0,1,0,0,0,0,0,0,0,0,0,0
G000591,Michael Guest,Republican,1970,1,MS-03,36.8,0.47,0.25,0.37414655,0,0,0,0,0,0,0,0,0,0,0,1,0,0,0,0,0,0,0,0,0,0
H001087,Katie Hill,Democrat,1987,1,CA-25,50.3,-0.306,0.114,-0.07162904,0,0,0,0,0,0,0,0,0,0,0,1,1,1,0,0,0,0,0,0,0,0
R000616,Harley Rouda,Democrat,1961,1,CA-48,47.9,-0.373,0.617,-0.20319365,0,0,0,0,0,0,0,0,0,0,0,1,0,1,0,0,0,0,0,0,0,0
A000377,Kelly Armstrong,Republican,1976,1,ND-AL,27.7,0.429,0.128,0.028543398,0,0,0,0,0,0,0,0,0,0,0,1,0,0,0,0,1,0,0,0,0,0
S001209,Abigail Spanberger,Democrat,1979,1,VA-07,44.0,-0.191,0.505,-0.09843528,0,0,0,0,0,0,0,0,0,0,0,1,0,1,1,1,0,0,0,0,0,0
S001208,Elissa Slotkin,Democrat,1976,1,MI-08,43.9,-0.316,0.816,-0.10501915,0,0,0,0,0,0,0,0,0,0,0,1,0,1,0,0,0,0,0,0,0,0
C001119,Angie Craig,Democrat,1972,1,MN-02,45.3,-0.301,0.695,0.010065381,0,0,0,0,0,0,0,0,0,0,0,1,1,1,0,0,0,0,0,0,0,0
C001118,Ben Cline,Republican,1972,1,VA-06,34.9,0.724,-0.236,0.19264837,0,0,0,0,0,0,0,0,0,0,0,1,0,0,0,0,1,1,0,0,0,0
F000469,Russ Fulcher,Republican,1973,1,ID-01,25.4,0.623,0.139,0.36143315,0,0,0,0,0,0,0,0,0,0,0,1,0,0,0,0,0,1,0,0,0,0
R000611,Denver Riggleman,Republican,1970,1,VA-05,42.3,0.484,-0.059,0.16552359,0,0,0,0,0,0,0,0,0,0,0,1,0,0,0,0,1,1,0,0,0,0
P000617,Ayanna Pressley,Democrat,1974,1,MA-07,84.1,-0.292,-0.956,-0.38842154,0,0,0,0,0,0,0,0,0,0,0,1,1,0,0,0,0,0,0,0,0,0
H001080,Debra Haaland,Democrat,1960,1,NM-01,51.6,-0.291,-0.329,-0.24942549,0,0,0,0,0,0,0,0,0,0,0,1,1,0,0,0,0,0,0,0,0,0
P000618,Katie Porter,Democrat,1974,1,CA-45,49.8,-0.232,0.222,-0.20143005,0,0,0,0,0,0,0,0,0,0,0,1,1,0,0,0,0,0,0,0,0,0
S001213,Bryan Steil,Republican,1981,1,WI-01,42.3,0.418,-0.07,0.19635896,0,0,0,0,0,0,0,0,0,0,0,1,0,0,0,0,1,0,0,0,0,0
T000484,Xochitl Torres Small,Democrat,1984,1,NM-02,39.9,-0.144,0.231,-0.24121688,0,0,0,0,0,0,0,0,0,0,0,1,0,1,1,0,0,0,0,0,0,0
H001090,Josh Harder,Democrat,1986,1,CA-10,48.5,-0.381,0.801,-0.0025283145,0,0,0,0,0,0,0,0,0,0,0,1,0,1,0,0,0,0,0,0,0,0
E000299,Veronica Escobar,Democrat,1969,1,TX-16,67.9,-0.486,-0.399,-0.3333072,0,0,0,0,0,0,0,0,0,0,0,1,1,0,0,0,0,0,0,0,0,0
G000590,Mark Green (Tennessee),Republican,1964,1,TN-07,28.2,0.747,0.193,0.2805498,0,0,0,0,0,0,0,0,0,0,0,1,0,0,0,0,1,1,0,0,0,0
C001055,Ed Case,Democrat,1952,3,HI-01,63.1,-0.204,-0.14,-0.102540165,0,0,0,0,0,0,0,0,0,0,0,1,0,1,1,0,0,0,0,0,0,1
S001211,Greg Stanton,Democrat,1970,1,AZ-09,54.7,-0.307,-0.155,-0.21775079,0,0,0,0,0,0,0,0,0,0,0,1,0,1,0,0,0,0,0,0,0,0
M001209,Ben McAdams,Democrat,1974,1,UT-04,32.4,-0.083,0.288,0.11901493,0,0,0,0,0,0,0,0,0,0,0,1,0,1,1,0,0,0,0,0,0,0
D000631,Madeleine Dean,Democrat,1959,1,PA-04,57.8,-0.535,-0.009,-0.38979852,0,0,0,0,0,0,0,0,0,0,0,1,1,1,0,0,0,0,0,0,0,0
C001120,Daniel Crenshaw,Republican,1984,1,TX-02,43.1,0.379,0.381,-0.006446874,0,0,0,0,0,0,0,0,0,0,0,1,0,0,0,0,1,0,0,0,0,0
L000591,Elaine Luria,Democrat,1975,1,VA-02,45.4,-0.164,0.33,0.006868703,0,0,0,0,0,0,0,0,0,0,0,1,0,1,0,1,0,0,0,0,0,0
F000468,Lizzie Pannill Fletcher,Democrat,1975,1,TX-07,48.5,-0.41,0.819,-0.021997929,0,0,0,0,0,0,0,0,0,0,0,1,0,1,0,0,0,0,0,0,0,0
G000586,Jesus Garcia,Democrat,1956,1,IL-04,82.1,-0.533,-0.451,-0.41482028,0,0,0,0,0,0,0,0,0,0,0,1,1,0,0,0,0,0,0,0,0,0
R000614,Chip Roy,Republican,1972,1,TX-21,42.5,0.8,-0.6,0.21127176,0,0,0,0,0,0,0,0,0,0,0,1,0,0,0,0,1,1,0,0,0,0
H001085,Chrissy Houlahan,Democrat,1967,1,PA-06,52.6,-0.316,0.596,-0.11941914,0,0,0,0,0,0,0,0,0,0,0,1,0,1,0,0,0,0,0,0,0,0
S001215,Haley Stevens,Democrat,1983,1,MI-11,45.3,-0.325,0.411,-0.083011046,0,0,0,0,0,0,0,0,0,0,0,1,0,1,0,0,0,0,0,0,0,0
R000612,John Rose (Tennessee),Republican,1965,1,TN-06,23.7,0.703,0.134,0.27235752,0,0,0,0,0,0,0,0,0,0,0,1,0,0,0,0,0,0,0,0,0,0
S001214,Greg Steube,Republican,1978,1,FL-17,35.0,0.657,-0.31,0.11888278,0,0,0,0,0,0,0,0,0,0,0,1,0,0,0,0,1,0,0,0,0,0
K000368,Ann Kirkpatrick,Democrat,1950,4,AZ-02,49.6,-0.161,-0.007,-0.34510562,0,0,0,0,0,0,0,0,0,0,0,1,0,1,0,0,0,0,0,0,0,1
A000376,Colin Allred,Democrat,1983,1,TX-32,48.5,-0.42,0.593,-0.136936,0,0,0,0,0,0,0,0,0,0,0,1,0,1,0,0,0,0,0,0,0,0
O000172,Alexandria Ocasio-Cortez,Democrat,1989,1,NY-14,77.7,-0.242,-0.97,-0.3284932,0,0,0,0,0,0,0,0,0,0,0,1,1,0,0,0,0,0,0,0,0,0
O000173,Ilhan Omar,Democrat,1981,1,MN-05,73.7,-0.299,-0.954,-0.40299675,0,0,0,0,0,0,0,0,0,0,0,1,1,0,0,0,0,0,0,0,0,0
G000589,Lance Gooden,Republican,1982,1,TX-05,34.3,0.73,0.119,0.2071941,0,0,0,0,0,0,0,0,0,0,0,1,0,0,0,0,1,0,0,0,0,0
H001088,Jim Hagedorn,Republican,1962,1,MN-01,38.4,0.439,0.489,0.29662162,0,0,0,0,0,0,0,0,0,0,0,1,0,0,0,0,0,0,0,0,0,0
R000613,Max Rose,Democrat,1986,1,NY-11,43.8,-0.162,0.089,-0.20873062,0,0,0,0,0,0,0,0,0,0,0,1,0,1,1,0,0,0,0,0,0,0
F000467,Abby Finkenauer,Democrat,1988,1,IA-01,45.2,-0.25,0.483,0.045155473,0,0,0,0,0,0,0,0,0,0,0,1,0,0,0,0,0,0,0,0,0,0
R000610,Guy Reschenthaler,Republican,1983,1,PA-14,33.9,0.346,0.409,0.1524263,0,0,0,0,0,0,0,0,0,0,0,1,0,0,0,0,1,0,0,0,0,0
D000629,Sharice Davids,Democrat,1980,1,KS-03,47.2,-0.229,0.21,-0.17960444,0,0,0,0,0,0,0,0,0,0,0,1,0,1,0,0,0,0,0,0,0,0
W000824,Steve Watkins,Republican,1976,1,KS-02,37.4,0.56,0.055,0.1975285,0,0,0,0,0,0,0,0,0,0,0,1,0,0,0,1,1,0,0,0,0,0
T000480,William Timmons,Republican,1984,1,SC-04,34.5,0.593,0.253,0.25240976,0,0,0,0,0,0,0,0,0,0,0,1,0,0,0,0,1,0,0,0,0,0
